anomaly,competition,category name,round,heat,couple,criteria,stdev,threshold,ratio,raw data
,167,Rock'n'Roll-Beginners,First round,1,277,DF,0.86,2.3,0.3739130434782609,"[7.5, 7.5, 7.5, 8.75, 8.75, 6.25]"
,167,Rock'n'Roll-Beginners,First round,1,277,CO,1.77,2.0,0.885,"[9.0, 6.0, 6.0, 7.0, 6.0, 3.0]"
,167,Rock'n'Roll-Beginners,First round,1,277,FM,1.46,2.0,0.73,"[6.5, 5.0, 5.0, 2.5, 2.5, 5.0]"
yes,167,Rock'n'Roll-Beginners,First round,1,277,FW,18.2,14.4,1.2638888888888888,"[-35.0, -35.0, -75.0, -75.0, -75.0, -50.0]"
,167,Rock'n'Roll-Beginners,First round,1,277,sm,0.0,2.3,0.0,"[0.0, 0.0, 0.0, 0.0, 0.0, 0.0]"
,167,Rock'n'Roll-Beginners,First round,1,277,bm,0.0,8.0,0.0,"[0.0, 0.0, 0.0, 0.0, 0.0, 0.0]"
yes,167,Rock'n'Roll-Beginners,First round,1,290,DF,4.05,2.3,1.7608695652173914,"[13.75, 8.75, 8.75, 10.0, 15.0, 2.5]"
yes,167,Rock'n'Roll-Beginners,First round,1,290,CO,3.04,2.0,1.52,"[12.0, 7.0, 6.0, 8.0, 9.0, 2.0]"
,167,Rock'n'Roll-Beginners,First round,1,290,FM,1.61,2.0,0.805,"[7.5, 5.0, 6.5, 5.0, 6.5, 2.5]"
,167,Rock'n'Roll-Beginners,First round,1,290,FW,8.98,14.4,0.6236111111111111,"[-25.0, -35.0, -35.0, -50.0, -35.0, -50.0]"
,167,Rock'n'Roll-Beginners,First round,1,290,sm,0.0,2.3,0.0,"[0.0, 0.0, 0.0, 0.0, 0.0, 0.0]"
,167,Rock'n'Roll-Beginners,First round,1,290,bm,0.0,8.0,0.0,"[0.0, 0.0, 0.0, 0.0, 0.0, 0.0]"
,167,Rock'n'Roll-Beginners,First round,2,293,DF,1.83,2.3,0.7956521739130435,"[10.0, 11.25, 8.75, 11.25, 13.75, 13.75]"
,167,Rock'n'Roll-Beginners,First round,2,293,CO,1.07,2.0,0.535,"[8.0, 9.0, 6.0, 8.0, 9.0, 9.0]"
,167,Rock'n'Roll-Beginners,First round,2,293,FM,0.98,2.0,0.49,"[5.0, 6.5, 5.0, 5.0, 7.5, 6.5]"
,167,Rock'n'Roll-Beginners,First round,2,293,FW,6.87,14.4,0.4770833333333333,"[-25.0, -25.0, -25.0, -35.0, -15.0, -15.0]"
,167,Rock'n'Roll-Beginners,First round,2,293,sm,0.0,2.3,0.0,"[0.0, 0.0, 0.0, 0.0, 0.0, 0.0]"
,167,Rock'n'Roll-Beginners,First round,2,293,bm,0.0,8.0,0.0,"[0.0, 0.0, 0.0, 0.0, 0.0, 0.0]"
yes,167,Rock'n'Roll-Beginners,First round,2,114,DF,2.5,2.3,1.0869565217391306,"[15.0, 10.0, 7.5, 10.0, 7.5, 10.0]"
,167,Rock'n'Roll-Beginners,First round,2,114,CO,1.49,2.0,0.745,"[10.0, 8.0, 5.0, 7.0, 7.0, 7.0]"
yes,167,Rock'n'Roll-Beginners,First round,2,114,FM,2.04,2.0,1.02,"[7.5, 7.5, 5.0, 2.5, 2.5, 5.0]"
,167,Rock'n'Roll-Beginners,First round,2,114,FW,11.33,14.4,0.7868055555555555,"[-25.0, -25.0, -50.0, -50.0, -50.0, -35.0]"
,167,Rock'n'Roll-Beginners,First round,2,114,sm,1.49,2.3,0.6478260869565218,"[0.0, -2.0, 0.0, -4.0, -2.0, 0.0]"
,167,Rock'n'Roll-Beginners,First round,2,114,bm,0.0,8.0,0.0,"[0.0, 0.0, 0.0, 0.0, 0.0, 0.0]"
,167,Rock'n'Roll-Beginners,First round,3,289,DF,2.28,2.3,0.9913043478260869,"[10.0, 11.25, 7.5, 12.5, 15.0, 11.25]"
,167,Rock'n'Roll-Beginners,First round,3,289,CO,1.67,2.0,0.835,"[11.0, 10.0, 6.0, 10.0, 10.0, 8.0]"
,167,Rock'n'Roll-Beginners,First round,3,289,FM,0.9,2.0,0.45,"[7.5, 6.5, 6.5, 6.5, 7.5, 9.0]"
,167,Rock'n'Roll-Beginners,First round,3,289,FW,8.16,14.4,0.5666666666666667,"[-25.0, -25.0, -35.0, -35.0, -15.0, -15.0]"
,167,Rock'n'Roll-Beginners,First round,3,289,sm,0.75,2.3,0.32608695652173914,"[0.0, 0.0, 0.0, -2.0, 0.0, 0.0]"
,167,Rock'n'Roll-Beginners,First round,3,289,bm,0.0,8.0,0.0,"[0.0, 0.0, 0.0, 0.0, 0.0, 0.0]"
,167,Rock'n'Roll-Beginners,First round,3,279,DF,1.56,2.3,0.6782608695652175,"[11.25, 8.75, 6.25, 8.75, 7.5, 7.5]"
,167,Rock'n'Roll-Beginners,First round,3,279,CO,1.71,2.0,0.855,"[9.0, 8.0, 5.0, 6.0, 7.0, 4.0]"
,167,Rock'n'Roll-Beginners,First round,3,279,FM,0.71,2.0,0.355,"[5.0, 6.5, 6.5, 5.0, 5.0, 5.0]"
,167,Rock'n'Roll-Beginners,First round,3,279,FW,13.36,14.4,0.9277777777777777,"[-35.0, -35.0, -50.0, -75.0, -50.0, -50.0]"
,167,Rock'n'Roll-Beginners,First round,3,279,sm,0.0,2.3,0.0,"[0.0, 0.0, 0.0, 0.0, 0.0, 0.0]"
,167,Rock'n'Roll-Beginners,First round,3,279,bm,0.0,8.0,0.0,"[0.0, 0.0, 0.0, 0.0, 0.0, 0.0]"
,167,Rock'n'Roll-Beginners,First round,4,350,DF,1.2,2.3,0.5217391304347826,"[11.25, 8.75, 8.75, 7.5, 10.0, 10.0]"
,167,Rock'n'Roll-Beginners,First round,4,350,CO,1.63,2.0,0.815,"[10.0, 8.0, 6.0, 8.0, 10.0, 6.0]"
,167,Rock'n'Roll-Beginners,First round,4,350,FM,1.34,2.0,0.67,"[6.5, 6.5, 2.5, 5.0, 5.0, 5.0]"
,167,Rock'n'Roll-Beginners,First round,4,350,FW,5.59,14.4,0.3881944444444444,"[-35.0, -35.0, -50.0, -35.0, -35.0, -35.0]"
,167,Rock'n'Roll-Beginners,First round,4,350,sm,0.0,2.3,0.0,"[0.0, 0.0, 0.0, 0.0, 0.0, 0.0]"
,167,Rock'n'Roll-Beginners,First round,4,350,bm,0.0,8.0,0.0,"[0.0, 0.0, 0.0, 0.0, 0.0, 0.0]"
,167,Rock'n'Roll-Beginners,Final,1,289,DF,1.83,2.3,0.7956521739130435,"[13.75, 11.25, 8.75, 8.75, 12.5, 11.25]"
,167,Rock'n'Roll-Beginners,Final,1,289,CO,1.34,2.0,0.67,"[11.0, 10.0, 8.0, 7.0, 9.0, 10.0]"
,167,Rock'n'Roll-Beginners,Final,1,289,FM,1.26,2.0,0.63,"[6.5, 6.5, 5.0, 5.0, 7.5, 8.5]"
,167,Rock'n'Roll-Beginners,Final,1,289,FW,7.31,14.4,0.5076388888888889,"[-35.0, -25.0, -50.0, -35.0, -35.0, -35.0]"
,167,Rock'n'Roll-Beginners,Final,1,289,sm,1.49,2.3,0.6478260869565218,"[0.0, -2.0, 0.0, -4.0, 0.0, -2.0]"
,167,Rock'n'Roll-Beginners,Final,1,289,bm,0.0,8.0,0.0,"[0.0, 0.0, 0.0, 0.0, 0.0, 0.0]"
,167,Rock'n'Roll-Beginners,Final,2,293,DF,1.72,2.3,0.7478260869565218,"[11.25, 8.75, 8.75, 8.75, 12.5, 12.5]"
,167,Rock'n'Roll-Beginners,Final,2,293,CO,1.41,2.0,0.705,"[10.0, 6.0, 7.0, 7.0, 9.0, 9.0]"
,167,Rock'n'Roll-Beginners,Final,2,293,FM,1.89,2.0,0.945,"[2.5, 2.5, 2.5, 2.5, 6.5, 6.5]"
,167,Rock'n'Roll-Beginners,Final,2,293,FW,14.36,14.4,0.9972222222222221,"[-35.0, -25.0, -50.0, -50.0, -25.0, -10.0]"
,167,Rock'n'Roll-Beginners,Final,2,293,sm,0.0,2.3,0.0,"[0.0, 0.0, 0.0, 0.0, 0.0, 0.0]"
,167,Rock'n'Roll-Beginners,Final,2,293,bm,0.0,8.0,0.0,"[0.0, 0.0, 0.0, 0.0, 0.0, 0.0]"
,167,Rock'n'Roll-Beginners,Final,3,114,DF,1.86,2.3,0.8086956521739131,"[11.25, 10.0, 6.25, 6.25, 8.75, 7.5]"
,167,Rock'n'Roll-Beginners,Final,3,114,CO,1.63,2.0,0.815,"[10.0, 8.0, 6.0, 7.0, 6.0, 5.0]"
,167,Rock'n'Roll-Beginners,Final,3,114,FM,0.99,2.0,0.495,"[7.5, 6.5, 5.0, 5.0, 5.0, 5.0]"
,167,Rock'n'Roll-Beginners,Final,3,114,FW,11.33,14.4,0.7868055555555555,"[-25.0, -25.0, -50.0, -50.0, -35.0, -50.0]"
,167,Rock'n'Roll-Beginners,Final,3,114,sm,1.0,2.3,0.4347826086956522,"[-2.0, 0.0, 0.0, -2.0, 0.0, -2.0]"
,167,Rock'n'Roll-Beginners,Final,3,114,bm,5.0,8.0,0.625,"[0.0, -10.0, -10.0, 0.0, -10.0, 0.0]"
,167,Rock'n'Roll-Beginners,Final,4,350,DF,1.56,2.3,0.6782608695652175,"[11.25, 7.5, 6.25, 7.5, 8.75, 8.75]"
,167,Rock'n'Roll-Beginners,Final,4,350,CO,1.71,2.0,0.855,"[11.0, 8.0, 6.0, 7.0, 7.0, 6.0]"
,167,Rock'n'Roll-Beginners,Final,4,350,FM,1.25,2.0,0.625,"[5.0, 5.0, 2.5, 2.5, 2.5, 5.0]"
,167,Rock'n'Roll-Beginners,Final,4,350,FW,9.86,14.4,0.6847222222222221,"[-50.0, -25.0, -50.0, -50.0, -50.0, -35.0]"
,167,Rock'n'Roll-Beginners,Final,4,350,sm,0.0,2.3,0.0,"[0.0, 0.0, 0.0, 0.0, 0.0, 0.0]"
,167,Rock'n'Roll-Beginners,Final,4,350,bm,0.0,8.0,0.0,"[0.0, 0.0, 0.0, 0.0, 0.0, 0.0]"
,167,Rock'n'Roll-Beginners,Final,5,290,DF,2.04,2.3,0.8869565217391305,"[10.0, 7.5, 8.75, 10.0, 11.25, 5.0]"
,167,Rock'n'Roll-Beginners,Final,5,290,CO,1.61,2.0,0.805,"[8.0, 6.0, 6.0, 6.0, 9.0, 4.0]"
,167,Rock'n'Roll-Beginners,Final,5,290,FM,0.71,2.0,0.355,"[6.5, 6.5, 5.0, 5.0, 5.0, 5.0]"
,167,Rock'n'Roll-Beginners,Final,5,290,FW,5.59,14.4,0.3881944444444444,"[-35.0, -50.0, -50.0, -50.0, -50.0, -50.0]"
,167,Rock'n'Roll-Beginners,Final,5,290,sm,1.0,2.3,0.4347826086956522,"[0.0, -2.0, 0.0, -2.0, 0.0, -2.0]"
,167,Rock'n'Roll-Beginners,Final,5,290,bm,0.0,8.0,0.0,"[0.0, 0.0, 0.0, 0.0, 0.0, 0.0]"
,167,Rock'n'Roll-Beginners,Final,6,279,DF,1.86,2.3,0.8086956521739131,"[10.0, 11.25, 6.25, 8.75, 11.25, 7.5]"
,167,Rock'n'Roll-Beginners,Final,6,279,CO,1.89,2.0,0.945,"[10.0, 9.0, 6.0, 5.0, 9.0, 6.0]"
,167,Rock'n'Roll-Beginners,Final,6,279,FM,1.18,2.0,0.59,"[5.0, 6.5, 5.0, 2.5, 5.0, 5.0]"
yes,167,Rock'n'Roll-Beginners,Final,6,279,FW,16.07,14.4,1.1159722222222221,"[-35.0, -25.0, -75.0, -50.0, -35.0, -50.0]"
,167,Rock'n'Roll-Beginners,Final,6,279,sm,0.0,2.3,0.0,"[0.0, 0.0, 0.0, 0.0, 0.0, 0.0]"
,167,Rock'n'Roll-Beginners,Final,6,279,bm,0.0,8.0,0.0,"[0.0, 0.0, 0.0, 0.0, 0.0, 0.0]"
,167,Rock'n'Roll-Juveniles,First round,1,182,DF,1.44,2.3,0.6260869565217392,"[13.75, 12.5, 11.25, 15.0, 15.0, 15.0]"
,167,Rock'n'Roll-Juveniles,First round,1,182,CO,1.61,2.0,0.805,"[13.0, 11.0, 8.0, 9.0, 11.0, 11.0]"
,167,Rock'n'Roll-Juveniles,First round,1,182,FM,0.84,2.0,0.42,"[7.5, 7.5, 6.5, 8.5, 8.5, 9.0]"
,167,Rock'n'Roll-Juveniles,First round,1,182,FW,5.0,14.4,0.3472222222222222,"[-15.0, -25.0, -25.0, -25.0, -15.0, -15.0]"
,167,Rock'n'Roll-Juveniles,First round,1,182,sm,0.0,2.3,0.0,"[0.0, 0.0, 0.0, 0.0, 0.0, 0.0]"
,167,Rock'n'Roll-Juveniles,First round,1,182,bm,0.0,8.0,0.0,"[0.0, 0.0, 0.0, 0.0, 0.0, 0.0]"
yes,167,Rock'n'Roll-Juveniles,First round,1,3,DF,2.44,2.3,1.0608695652173914,"[13.75, 10.0, 7.5, 8.75, 12.5, 13.75]"
,167,Rock'n'Roll-Juveniles,First round,1,3,CO,1.7,2.0,0.85,"[10.0, 7.0, 6.0, 7.0, 10.0, 10.0]"
,167,Rock'n'Roll-Juveniles,First round,1,3,FM,1.18,2.0,0.59,"[7.5, 5.0, 5.0, 5.0, 5.0, 7.5]"
,167,Rock'n'Roll-Juveniles,First round,1,3,FW,10.96,14.4,0.7611111111111112,"[-25.0, -35.0, -50.0, -35.0, -25.0, -15.0]"
,167,Rock'n'Roll-Juveniles,First round,1,3,sm,0.0,2.3,0.0,"[0.0, 0.0, 0.0, 0.0, 0.0, 0.0]"
,167,Rock'n'Roll-Juveniles,First round,1,3,bm,0.0,8.0,0.0,"[0.0, 0.0, 0.0, 0.0, 0.0, 0.0]"
,167,Rock'n'Roll-Juveniles,First round,2,134,DF,2.24,2.3,0.973913043478261,"[15.0, 11.25, 8.75, 13.75, 13.75, 10.0]"
yes,167,Rock'n'Roll-Juveniles,First round,2,134,CO,2.11,2.0,1.055,"[13.0, 10.0, 6.0, 11.0, 9.0, 10.0]"
,167,Rock'n'Roll-Juveniles,First round,2,134,FM,0.58,2.0,0.29,"[8.5, 7.5, 7.5, 7.5, 7.5, 6.5]"
,167,Rock'n'Roll-Juveniles,First round,2,134,FW,5.77,14.4,0.4006944444444444,"[-15.0, -25.0, -25.0, -35.0, -25.0, -25.0]"
,167,Rock'n'Roll-Juveniles,First round,2,134,sm,0.0,2.3,0.0,"[0.0, 0.0, 0.0, 0.0, 0.0, 0.0]"
,167,Rock'n'Roll-Juveniles,First round,2,134,bm,0.0,8.0,0.0,"[0.0, 0.0, 0.0, 0.0, 0.0, 0.0]"
,167,Rock'n'Roll-Juveniles,First round,2,27,DF,1.83,2.3,0.7956521739130435,"[12.5, 11.25, 10.0, 12.5, 15.0, 15.0]"
,167,Rock'n'Roll-Juveniles,First round,2,27,CO,1.73,2.0,0.865,"[10.0, 9.0, 7.0, 9.0, 12.0, 7.0]"
,167,Rock'n'Roll-Juveniles,First round,2,27,FM,0.75,2.0,0.375,"[6.5, 6.5, 6.5, 6.5, 6.5, 8.5]"
,167,Rock'n'Roll-Juveniles,First round,2,27,FW,9.01,14.4,0.6256944444444444,"[-35.0, -25.0, -35.0, -35.0, -25.0, -10.0]"
,167,Rock'n'Roll-Juveniles,First round,2,27,sm,0.0,2.3,0.0,"[0.0, 0.0, 0.0, 0.0, 0.0, 0.0]"
,167,Rock'n'Roll-Juveniles,First round,2,27,bm,0.0,8.0,0.0,"[0.0, 0.0, 0.0, 0.0, 0.0, 0.0]"
yes,167,Rock'n'Roll-Juveniles,First round,3,7,DF,2.6,2.3,1.1304347826086958,"[11.25, 8.75, 8.75, 6.25, 12.5, 5.0]"
,167,Rock'n'Roll-Juveniles,First round,3,7,CO,1.89,2.0,0.945,"[9.0, 8.0, 7.0, 7.0, 10.0, 4.0]"
,167,Rock'n'Roll-Juveniles,First round,3,7,FM,1.18,2.0,0.59,"[5.0, 5.0, 6.5, 5.0, 5.0, 2.5]"
,167,Rock'n'Roll-Juveniles,First round,3,7,FW,14.34,14.4,0.9958333333333333,"[-35.0, -35.0, -50.0, -75.0, -35.0, -50.0]"
yes,167,Rock'n'Roll-Juveniles,First round,3,7,sm,2.43,2.3,1.056521739130435,"[-4.0, -4.0, 0.0, -6.0, 0.0, 0.0]"
yes,167,Rock'n'Roll-Juveniles,First round,3,7,bm,11.06,8.0,1.3825,"[0.0, 0.0, -30.0, 0.0, -10.0, 0.0]"
,167,Rock'n'Roll-Juveniles,First round,3,57,DF,1.56,2.3,0.6782608695652175,"[11.25, 10.0, 7.5, 10.0, 11.25, 7.5]"
,167,Rock'n'Roll-Juveniles,First round,3,57,CO,1.07,2.0,0.535,"[9.0, 7.0, 6.0, 6.0, 7.0, 6.0]"
,167,Rock'n'Roll-Juveniles,First round,3,57,FM,0.75,2.0,0.375,"[5.0, 6.5, 5.0, 5.0, 6.5, 6.5]"
,167,Rock'n'Roll-Juveniles,First round,3,57,FW,7.07,14.4,0.49097222222222225,"[-50.0, -35.0, -35.0, -35.0, -35.0, -50.0]"
,167,Rock'n'Roll-Juveniles,First round,3,57,sm,0.0,2.3,0.0,"[0.0, 0.0, 0.0, 0.0, 0.0, 0.0]"
,167,Rock'n'Roll-Juveniles,First round,3,57,bm,0.0,8.0,0.0,"[0.0, 0.0, 0.0, 0.0, 0.0, 0.0]"
,167,Rock'n'Roll-Juveniles,First round,4,193,DF,1.12,2.3,0.4869565217391305,"[11.25, 11.25, 8.75, 11.25, 11.25, 12.5]"
,167,Rock'n'Roll-Juveniles,First round,4,193,CO,1.29,2.0,0.645,"[11.0, 9.0, 8.0, 7.0, 10.0, 9.0]"
,167,Rock'n'Roll-Juveniles,First round,4,193,FM,0.71,2.0,0.355,"[5.0, 6.5, 5.0, 5.0, 5.0, 6.5]"
,167,Rock'n'Roll-Juveniles,First round,4,193,FW,5.0,14.4,0.3472222222222222,"[-25.0, -25.0, -35.0, -35.0, -25.0, -35.0]"
,167,Rock'n'Roll-Juveniles,First round,4,193,sm,0.75,2.3,0.32608695652173914,"[0.0, 0.0, 0.0, -2.0, 0.0, 0.0]"
,167,Rock'n'Roll-Juveniles,First round,4,193,bm,0.0,8.0,0.0,"[0.0, 0.0, 0.0, 0.0, 0.0, 0.0]"
,167,Rock'n'Roll-Juveniles,Final,1,57,DF,1.44,2.3,0.6260869565217392,"[12.5, 8.75, 10.0, 8.75, 8.75, 11.25]"
,167,Rock'n'Roll-Juveniles,Final,1,57,CO,1.21,2.0,0.605,"[10.0, 7.0, 8.0, 8.0, 6.0, 8.0]"
,167,Rock'n'Roll-Juveniles,Final,1,57,FM,0.84,2.0,0.42,"[6.5, 6.5, 7.5, 5.0, 6.5, 7.5]"
,167,Rock'n'Roll-Juveniles,Final,1,57,FW,10.27,14.4,0.7131944444444444,"[-50.0, -25.0, -50.0, -35.0, -35.0, -25.0]"
,167,Rock'n'Roll-Juveniles,Final,1,57,sm,1.0,2.3,0.4347826086956522,"[0.0, -2.0, -2.0, -2.0, 0.0, 0.0]"
,167,Rock'n'Roll-Juveniles,Final,1,57,bm,0.0,8.0,0.0,"[0.0, 0.0, 0.0, 0.0, 0.0, 0.0]"
,167,Rock'n'Roll-Juveniles,Final,2,193,DF,1.68,2.3,0.7304347826086957,"[12.5, 11.25, 8.75, 10.0, 11.25, 7.5]"
,167,Rock'n'Roll-Juveniles,Final,2,193,CO,1.11,2.0,0.555,"[9.0, 9.0, 8.0, 9.0, 9.0, 6.0]"
,167,Rock'n'Roll-Juveniles,Final,2,193,FM,1.48,2.0,0.74,"[5.0, 6.5, 6.5, 2.5, 6.5, 6.5]"
,167,Rock'n'Roll-Juveniles,Final,2,193,FW,3.73,14.4,0.25902777777777775,"[-35.0, -25.0, -35.0, -35.0, -35.0, -35.0]"
,167,Rock'n'Roll-Juveniles,Final,2,193,sm,0.0,2.3,0.0,"[0.0, 0.0, 0.0, 0.0, 0.0, 0.0]"
,167,Rock'n'Roll-Juveniles,Final,2,193,bm,0.0,8.0,0.0,"[0.0, 0.0, 0.0, 0.0, 0.0, 0.0]"
,167,Rock'n'Roll-Juveniles,Final,3,27,DF,1.18,2.3,0.5130434782608696,"[12.5, 12.5, 12.5, 11.25, 15.0, 13.75]"
,167,Rock'n'Roll-Juveniles,Final,3,27,CO,1.11,2.0,0.555,"[12.0, 11.0, 9.0, 10.0, 12.0, 10.0]"
,167,Rock'n'Roll-Juveniles,Final,3,27,FM,0.69,2.0,0.345,"[6.5, 8.5, 7.5, 7.5, 7.5, 8.5]"
,167,Rock'n'Roll-Juveniles,Final,3,27,FW,6.87,14.4,0.4770833333333333,"[-25.0, -25.0, -35.0, -35.0, -25.0, -15.0]"
,167,Rock'n'Roll-Juveniles,Final,3,27,sm,0.0,2.3,0.0,"[0.0, 0.0, 0.0, 0.0, 0.0, 0.0]"
,167,Rock'n'Roll-Juveniles,Final,3,27,bm,0.0,8.0,0.0,"[0.0, 0.0, 0.0, 0.0, 0.0, 0.0]"
,167,Rock'n'Roll-Juveniles,Final,4,3,DF,1.68,2.3,0.7304347826086957,"[12.5, 11.25, 7.5, 8.75, 10.0, 8.75]"
,167,Rock'n'Roll-Juveniles,Final,4,3,CO,1.73,2.0,0.865,"[11.0, 9.0, 6.0, 8.0, 8.0, 6.0]"
,167,Rock'n'Roll-Juveniles,Final,4,3,FM,0.98,2.0,0.49,"[7.5, 5.0, 5.0, 5.0, 6.5, 6.5]"
,167,Rock'n'Roll-Juveniles,Final,4,3,FW,8.98,14.4,0.6236111111111111,"[-25.0, -35.0, -50.0, -50.0, -35.0, -35.0]"
,167,Rock'n'Roll-Juveniles,Final,4,3,sm,1.0,2.3,0.4347826086956522,"[-4.0, -4.0, -4.0, -2.0, -2.0, -2.0]"
,167,Rock'n'Roll-Juveniles,Final,4,3,bm,3.73,8.0,0.46625,"[-10.0, 0.0, 0.0, 0.0, 0.0, 0.0]"
,167,Rock'n'Roll-Juveniles,Final,5,134,DF,1.91,2.3,0.8304347826086956,"[13.75, 13.75, 10.0, 15.0, 12.5, 10.0]"
,167,Rock'n'Roll-Juveniles,Final,5,134,CO,1.97,2.0,0.985,"[13.0, 10.0, 8.0, 11.0, 9.0, 7.0]"
,167,Rock'n'Roll-Juveniles,Final,5,134,FM,0.58,2.0,0.29,"[8.5, 7.5, 6.5, 7.5, 7.5, 7.5]"
,167,Rock'n'Roll-Juveniles,Final,5,134,FW,7.45,14.4,0.5173611111111112,"[-15.0, -15.0, -35.0, -15.0, -25.0, -25.0]"
,167,Rock'n'Roll-Juveniles,Final,5,134,sm,0.0,2.3,0.0,"[0.0, 0.0, 0.0, 0.0, 0.0, 0.0]"
,167,Rock'n'Roll-Juveniles,Final,5,134,bm,0.0,8.0,0.0,"[0.0, 0.0, 0.0, 0.0, 0.0, 0.0]"
,167,Rock'n'Roll-Juveniles,Final,6,182,DF,1.77,2.3,0.7695652173913045,"[16.25, 11.25, 12.5, 12.5, 15.0, 15.0]"
,167,Rock'n'Roll-Juveniles,Final,6,182,CO,1.21,2.0,0.605,"[12.0, 10.0, 9.0, 12.0, 12.0, 12.0]"
,167,Rock'n'Roll-Juveniles,Final,6,182,FM,0.9,2.0,0.45,"[8.5, 6.5, 7.5, 6.5, 8.5, 8.5]"
,167,Rock'n'Roll-Juveniles,Final,6,182,FW,7.45,14.4,0.5173611111111112,"[-15.0, -25.0, -35.0, -25.0, -15.0, -15.0]"
,167,Rock'n'Roll-Juveniles,Final,6,182,sm,0.0,2.3,0.0,"[0.0, 0.0, 0.0, 0.0, 0.0, 0.0]"
,167,Rock'n'Roll-Juveniles,Final,6,182,bm,0.0,8.0,0.0,"[0.0, 0.0, 0.0, 0.0, 0.0, 0.0]"
,167,Rock'n'Roll-Juniors,Final,1,491,DF,1.21,2.3,0.5260869565217392,"[16.0, 13.0, 13.0, 15.0, 13.0, 15.0]"
,167,Rock'n'Roll-Juniors,Final,1,491,CO,1.29,2.0,0.645,"[16.0, 13.0, 15.0, 15.0, 14.0, 17.0]"
,167,Rock'n'Roll-Juniors,Final,1,491,FM,0.24,2.0,0.12,"[9.5, 9.0, 9.5, 9.5, 9.0, 9.5]"
,167,Rock'n'Roll-Juniors,Final,1,491,FW,2.36,14.4,0.1638888888888889,"[-5.0, -10.0, -5.0, -5.0, -10.0, -5.0]"
,167,Rock'n'Roll-Juniors,Final,1,491,sm,0.0,2.3,0.0,"[0.0, 0.0, 0.0, 0.0, 0.0, 0.0]"
,167,Rock'n'Roll-Juniors,Final,1,491,bm,0.0,8.0,0.0,"[0.0, 0.0, 0.0, 0.0, 0.0, 0.0]"
,167,Rock'n'Roll-Juniors,Final,2,235,DF,0.94,2.3,0.40869565217391307,"[13.0, 10.0, 11.0, 11.0, 11.0, 12.0]"
,167,Rock'n'Roll-Juniors,Final,2,235,CO,0.69,2.0,0.345,"[13.0, 11.0, 11.0, 12.0, 12.0, 12.0]"
,167,Rock'n'Roll-Juniors,Final,2,235,FM,0.56,2.0,0.28,"[9.0, 7.5, 9.0, 9.0, 9.0, 9.0]"
,167,Rock'n'Roll-Juniors,Final,2,235,FW,4.49,14.4,0.31180555555555556,"[-15.0, -25.0, -15.0, -15.0, -15.0, -10.0]"
,167,Rock'n'Roll-Juniors,Final,2,235,sm,0.0,2.3,0.0,"[0.0, 0.0, 0.0, 0.0, 0.0, 0.0]"
,167,Rock'n'Roll-Juniors,Final,2,235,bm,0.0,8.0,0.0,"[0.0, 0.0, 0.0, 0.0, 0.0, 0.0]"
,167,Rock'n'Roll-Juniors,Final,3,78,DF,1.37,2.3,0.5956521739130436,"[13.0, 10.0, 9.0, 10.0, 12.0, 10.0]"
,167,Rock'n'Roll-Juniors,Final,3,78,CO,0.82,2.0,0.41,"[12.0, 10.0, 10.0, 11.0, 12.0, 11.0]"
,167,Rock'n'Roll-Juniors,Final,3,78,FM,0.5,2.0,0.25,"[8.5, 7.5, 8.5, 8.5, 9.0, 9.0]"
,167,Rock'n'Roll-Juniors,Final,3,78,FW,6.07,14.4,0.4215277777777778,"[-15.0, -25.0, -25.0, -25.0, -10.0, -15.0]"
,167,Rock'n'Roll-Juniors,Final,3,78,sm,1.0,2.3,0.4347826086956522,"[-2.0, -2.0, -2.0, 0.0, 0.0, 0.0]"
,167,Rock'n'Roll-Juniors,Final,3,78,bm,0.0,8.0,0.0,"[0.0, 0.0, 0.0, 0.0, 0.0, 0.0]"
,167,Rock'n'Roll-Small Formation Juniors,Final,1,281,DF,2.23,2.3,0.9695652173913044,"[6.0, 6.0, 11.0, 6.0, 10.0]"
,167,Rock'n'Roll-Small Formation Juniors,Final,1,281,CO,1.31,2.0,0.655,"[5.25, 5.25, 8.25, 5.25, 7.5]"
,167,Rock'n'Roll-Small Formation Juniors,Final,1,281,FM,1.74,2.0,0.87,"[9.0, 7.0, 11.0, 6.0, 9.0]"
,167,Rock'n'Roll-Small Formation Juniors,Final,1,281,FW,13.78,14.4,0.9569444444444444,"[-25.0, -50.0, -15.0, -50.0, -35.0]"
,167,Rock'n'Roll-Small Formation Juniors,Final,1,281,sm,1.5,2.3,0.6521739130434783,"[-4.0, -6.0, -4.0, -6.0, -2.0]"
,167,Rock'n'Roll-Small Formation Juniors,Final,1,281,bm,4.9,8.0,0.6125,"[0.0, 0.0, -10.0, 0.0, -10.0]"
,167,Rock'n'Roll-Small Formation Juniors,Final,2,115,DF,1.36,2.3,0.5913043478260871,"[8.0, 7.0, 9.0, 8.0, 11.0]"
,167,Rock'n'Roll-Small Formation Juniors,Final,2,115,CO,1.54,2.0,0.77,"[6.0, 4.5, 6.75, 5.25, 9.0]"
,167,Rock'n'Roll-Small Formation Juniors,Final,2,115,FM,1.9,2.0,0.95,"[8.0, 6.0, 9.0, 6.0, 11.0]"
,167,Rock'n'Roll-Small Formation Juniors,Final,2,115,FW,6.0,14.4,0.41666666666666663,"[-35.0, -50.0, -35.0, -35.0, -35.0]"
,167,Rock'n'Roll-Small Formation Juniors,Final,2,115,sm,1.5,2.3,0.6521739130434783,"[0.0, -2.0, 0.0, -4.0, -2.0]"
,167,Rock'n'Roll-Small Formation Juniors,Final,2,115,bm,0.0,8.0,0.0,"[0.0, 0.0, 0.0, 0.0, 0.0]"
,167,Rock'n'Roll-Small Formation Juniors,Final,3,105,DF,0.49,2.3,0.21304347826086958,"[7.0, 6.0, 7.0, 6.0, 6.0]"
,167,Rock'n'Roll-Small Formation Juniors,Final,3,105,CO,1.1,2.0,0.55,"[4.5, 3.75, 6.0, 4.5, 6.75]"
,167,Rock'n'Roll-Small Formation Juniors,Final,3,105,FM,1.02,2.0,0.51,"[9.0, 6.0, 7.0, 8.0, 7.0]"
,167,Rock'n'Roll-Small Formation Juniors,Final,3,105,FW,6.0,14.4,0.41666666666666663,"[-35.0, -50.0, -50.0, -50.0, -50.0]"
,167,Rock'n'Roll-Small Formation Juniors,Final,3,105,sm,2.04,2.3,0.8869565217391305,"[-4.0, -2.0, -2.0, 0.0, -6.0]"
,167,Rock'n'Roll-Small Formation Juniors,Final,3,105,bm,0.0,8.0,0.0,"[0.0, 0.0, 0.0, 0.0, 0.0]"
,167,Rock'n'Roll-Small Formation Juniors,Final,4,174,DF,0.4,2.3,0.1739130434782609,"[12.0, 12.0, 12.0, 12.0, 11.0]"
,167,Rock'n'Roll-Small Formation Juniors,Final,4,174,CO,0.67,2.0,0.335,"[9.75, 9.75, 9.0, 8.25, 8.25]"
,167,Rock'n'Roll-Small Formation Juniors,Final,4,174,FM,0.8,2.0,0.4,"[12.0, 12.0, 12.0, 11.0, 10.0]"
,167,Rock'n'Roll-Small Formation Juniors,Final,4,174,FW,8.0,14.4,0.5555555555555556,"[-15.0, -15.0, -35.0, -15.0, -25.0]"
,167,Rock'n'Roll-Small Formation Juniors,Final,4,174,sm,0.0,2.3,0.0,"[0.0, 0.0, 0.0, 0.0, 0.0]"
,167,Rock'n'Roll-Small Formation Juniors,Final,4,174,bm,0.0,8.0,0.0,"[0.0, 0.0, 0.0, 0.0, 0.0]"
,167,Rock'n'Roll-Small Formation Juniors,Final,5,158,DF,0.4,2.3,0.1739130434782609,"[6.0, 6.0, 6.0, 6.0, 7.0]"
,167,Rock'n'Roll-Small Formation Juniors,Final,5,158,CO,1.2,2.0,0.6,"[5.25, 5.25, 5.25, 3.0, 6.75]"
,167,Rock'n'Roll-Small Formation Juniors,Final,5,158,FM,0.75,2.0,0.375,"[6.0, 7.0, 6.0, 5.0, 7.0]"
,167,Rock'n'Roll-Small Formation Juniors,Final,5,158,FW,6.0,14.4,0.41666666666666663,"[-50.0, -50.0, -50.0, -50.0, -35.0]"
yes,167,Rock'n'Roll-Small Formation Juniors,Final,5,158,sm,3.1,2.3,1.347826086956522,"[-8.0, -2.0, 0.0, 0.0, 0.0]"
,167,Rock'n'Roll-Small Formation Juniors,Final,5,158,bm,0.0,8.0,0.0,"[0.0, 0.0, 0.0, 0.0, 0.0]"
,167,Rock'n'Roll-Small Formation Juniors,Final,6,151,DF,0.49,2.3,0.21304347826086958,"[8.0, 9.0, 9.0, 8.0, 9.0]"
,167,Rock'n'Roll-Small Formation Juniors,Final,6,151,CO,0.99,2.0,0.495,"[6.0, 6.75, 6.75, 5.25, 8.25]"
,167,Rock'n'Roll-Small Formation Juniors,Final,6,151,FM,1.17,2.0,0.585,"[9.0, 8.0, 9.0, 6.0, 7.0]"
,167,Rock'n'Roll-Small Formation Juniors,Final,6,151,FW,7.35,14.4,0.5104166666666666,"[-35.0, -50.0, -50.0, -50.0, -35.0]"
,167,Rock'n'Roll-Small Formation Juniors,Final,6,151,sm,0.98,2.3,0.42608695652173917,"[-2.0, 0.0, 0.0, 0.0, -2.0]"
,167,Rock'n'Roll-Small Formation Juniors,Final,6,151,bm,4.0,8.0,0.5,"[-10.0, 0.0, 0.0, 0.0, 0.0]"
,167,Rock'n'Roll-Small Formation,First round,1,33,DF,1.74,2.3,0.7565217391304349,"[9.0, 7.0, 12.0, 9.0, 11.0]"
,167,Rock'n'Roll-Small Formation,First round,1,33,CO,1.74,2.0,0.87,"[5.25, 5.25, 9.0, 6.0, 9.0]"
,167,Rock'n'Roll-Small Formation,First round,1,33,FM,1.62,2.0,0.81,"[11.0, 8.0, 10.0, 7.0, 11.0]"
,167,Rock'n'Roll-Small Formation,First round,1,33,FW,4.0,14.4,0.2777777777777778,"[-25.0, -35.0, -25.0, -25.0, -25.0]"
,167,Rock'n'Roll-Small Formation,First round,1,33,sm,1.6,2.3,0.6956521739130436,"[-2.0, -4.0, 0.0, 0.0, 0.0]"
,167,Rock'n'Roll-Small Formation,First round,1,33,bm,0.0,8.0,0.0,"[0.0, 0.0, 0.0, 0.0, 0.0]"
,167,Rock'n'Roll-Small Formation,First round,2,321,DF,0.89,2.3,0.3869565217391305,"[8.0, 8.0, 10.0, 9.0, 10.0]"
,167,Rock'n'Roll-Small Formation,First round,2,321,CO,1.12,2.0,0.56,"[6.0, 6.0, 7.5, 7.5, 9.0]"
,167,Rock'n'Roll-Small Formation,First round,2,321,FM,0.63,2.0,0.315,"[9.0, 8.0, 10.0, 9.0, 9.0]"
,167,Rock'n'Roll-Small Formation,First round,2,321,FW,7.48,14.4,0.5194444444444445,"[-25.0, -35.0, -35.0, -15.0, -25.0]"
,167,Rock'n'Roll-Small Formation,First round,2,321,sm,0.0,2.3,0.0,"[0.0, 0.0, 0.0, 0.0, 0.0]"
,167,Rock'n'Roll-Small Formation,First round,2,321,bm,0.0,8.0,0.0,"[0.0, 0.0, 0.0, 0.0, 0.0]"
,167,Rock'n'Roll-Small Formation,First round,3,35,DF,1.02,2.3,0.44347826086956527,"[8.0, 7.0, 9.0, 6.0, 7.0]"
,167,Rock'n'Roll-Small Formation,First round,3,35,CO,0.87,2.0,0.435,"[6.0, 4.5, 6.75, 5.25, 6.75]"
,167,Rock'n'Roll-Small Formation,First round,3,35,FM,1.6,2.0,0.8,"[9.0, 6.0, 9.0, 5.0, 7.0]"
,167,Rock'n'Roll-Small Formation,First round,3,35,FW,9.17,14.4,0.6368055555555555,"[-25.0, -35.0, -50.0, -35.0, -25.0]"
,167,Rock'n'Roll-Small Formation,First round,3,35,sm,0.0,2.3,0.0,"[0.0, 0.0, 0.0, 0.0, 0.0]"
,167,Rock'n'Roll-Small Formation,First round,3,35,bm,0.0,8.0,0.0,"[0.0, 0.0, 0.0, 0.0, 0.0]"
,167,Rock'n'Roll-Small Formation,First round,4,259,DF,1.02,2.3,0.44347826086956527,"[7.0, 6.0, 7.0, 5.0, 8.0]"
,167,Rock'n'Roll-Small Formation,First round,4,259,CO,0.87,2.0,0.435,"[5.25, 4.5, 6.0, 4.5, 6.75]"
,167,Rock'n'Roll-Small Formation,First round,4,259,FM,1.5,2.0,0.75,"[8.0, 7.0, 8.0, 4.0, 6.0]"
,167,Rock'n'Roll-Small Formation,First round,4,259,FW,6.0,14.4,0.41666666666666663,"[-35.0, -50.0, -35.0, -35.0, -35.0]"
,167,Rock'n'Roll-Small Formation,First round,4,259,sm,1.79,2.3,0.7782608695652175,"[-4.0, 0.0, 0.0, -4.0, -2.0]"
,167,Rock'n'Roll-Small Formation,First round,4,259,bm,0.0,8.0,0.0,"[0.0, 0.0, 0.0, 0.0, 0.0]"
,167,Rock'n'Roll-Small Formation,First round,5,104,DF,1.02,2.3,0.44347826086956527,"[8.0, 10.0, 11.0, 9.0, 10.0]"
,167,Rock'n'Roll-Small Formation,First round,5,104,CO,0.76,2.0,0.38,"[7.5, 9.0, 8.25, 6.75, 7.5]"
,167,Rock'n'Roll-Small Formation,First round,5,104,FM,1.17,2.0,0.585,"[9.0, 11.0, 10.0, 8.0, 8.0]"
,167,Rock'n'Roll-Small Formation,First round,5,104,FW,4.9,14.4,0.3402777777777778,"[-25.0, -25.0, -35.0, -35.0, -35.0]"
,167,Rock'n'Roll-Small Formation,First round,5,104,sm,0.0,2.3,0.0,"[0.0, 0.0, 0.0, 0.0, 0.0]"
,167,Rock'n'Roll-Small Formation,First round,5,104,bm,0.0,8.0,0.0,"[0.0, 0.0, 0.0, 0.0, 0.0]"
,167,Rock'n'Roll-Small Formation,First round,6,20,DF,1.36,2.3,0.5913043478260871,"[12.0, 8.0, 9.0, 9.0, 9.0]"
,167,Rock'n'Roll-Small Formation,First round,6,20,CO,0.87,2.0,0.435,"[7.5, 6.75, 9.0, 6.75, 8.25]"
,167,Rock'n'Roll-Small Formation,First round,6,20,FM,1.5,2.0,0.75,"[11.0, 7.0, 9.0, 7.0, 8.0]"
,167,Rock'n'Roll-Small Formation,First round,6,20,FW,8.0,14.4,0.5555555555555556,"[-15.0, -35.0, -35.0, -25.0, -35.0]"
,167,Rock'n'Roll-Small Formation,First round,6,20,sm,0.0,2.3,0.0,"[0.0, 0.0, 0.0, 0.0, 0.0]"
,167,Rock'n'Roll-Small Formation,First round,6,20,bm,0.0,8.0,0.0,"[0.0, 0.0, 0.0, 0.0, 0.0]"
,167,Rock'n'Roll-Small Formation,First round,7,335,DF,1.36,2.3,0.5913043478260871,"[9.0, 6.0, 9.0, 7.0, 6.0]"
,167,Rock'n'Roll-Small Formation,First round,7,335,CO,0.82,2.0,0.41,"[6.75, 4.5, 6.75, 6.0, 6.0]"
,167,Rock'n'Roll-Small Formation,First round,7,335,FM,1.94,2.0,0.97,"[9.0, 5.0, 8.0, 4.0, 8.0]"
,167,Rock'n'Roll-Small Formation,First round,7,335,FW,6.0,14.4,0.41666666666666663,"[-35.0, -35.0, -50.0, -35.0, -35.0]"
,167,Rock'n'Roll-Small Formation,First round,7,335,sm,0.0,2.3,0.0,"[0.0, 0.0, 0.0, 0.0, 0.0]"
,167,Rock'n'Roll-Small Formation,First round,7,335,bm,0.0,8.0,0.0,"[0.0, 0.0, 0.0, 0.0, 0.0]"
,167,Rock'n'Roll-Small Formation,First round,8,31,DF,1.36,2.3,0.5913043478260871,"[12.0, 11.0, 14.0, 14.0, 11.0]"
,167,Rock'n'Roll-Small Formation,First round,8,31,CO,0.37,2.0,0.185,"[9.0, 9.0, 9.75, 9.0, 9.75]"
,167,Rock'n'Roll-Small Formation,First round,8,31,FM,0.4,2.0,0.2,"[12.0, 11.0, 12.0, 12.0, 12.0]"
,167,Rock'n'Roll-Small Formation,First round,8,31,FW,6.32,14.4,0.4388888888888889,"[-15.0, -15.0, -25.0, -5.0, -15.0]"
,167,Rock'n'Roll-Small Formation,First round,8,31,sm,0.0,2.3,0.0,"[0.0, 0.0, 0.0, 0.0, 0.0]"
,167,Rock'n'Roll-Small Formation,First round,8,31,bm,0.0,8.0,0.0,"[0.0, 0.0, 0.0, 0.0, 0.0]"
,167,Rock'n'Roll-Small Formation,Final,1,321,DF,0.75,2.3,0.32608695652173914,"[8.0, 9.0, 10.0, 9.0, 10.0]"
,167,Rock'n'Roll-Small Formation,Final,1,321,CO,1.37,2.0,0.685,"[6.0, 6.0, 9.0, 6.75, 9.0]"
,167,Rock'n'Roll-Small Formation,Final,1,321,FM,1.02,2.0,0.51,"[9.0, 8.0, 10.0, 7.0, 9.0]"
,167,Rock'n'Roll-Small Formation,Final,1,321,FW,4.9,14.4,0.3402777777777778,"[-25.0, -35.0, -35.0, -25.0, -25.0]"
,167,Rock'n'Roll-Small Formation,Final,1,321,sm,0.0,2.3,0.0,"[0.0, 0.0, 0.0, 0.0, 0.0]"
,167,Rock'n'Roll-Small Formation,Final,1,321,bm,0.0,8.0,0.0,"[0.0, 0.0, 0.0, 0.0, 0.0]"
,167,Rock'n'Roll-Small Formation,Final,2,104,DF,0.4,2.3,0.1739130434782609,"[10.0, 9.0, 10.0, 10.0, 10.0]"
,167,Rock'n'Roll-Small Formation,Final,2,104,CO,0.37,2.0,0.185,"[8.25, 7.5, 8.25, 7.5, 8.25]"
,167,Rock'n'Roll-Small Formation,Final,2,104,FM,0.63,2.0,0.315,"[10.0, 8.0, 9.0, 9.0, 9.0]"
,167,Rock'n'Roll-Small Formation,Final,2,104,FW,4.0,14.4,0.2777777777777778,"[-25.0, -35.0, -25.0, -25.0, -25.0]"
,167,Rock'n'Roll-Small Formation,Final,2,104,sm,0.0,2.3,0.0,"[0.0, 0.0, 0.0, 0.0, 0.0]"
,167,Rock'n'Roll-Small Formation,Final,2,104,bm,0.0,8.0,0.0,"[0.0, 0.0, 0.0, 0.0, 0.0]"
,167,Rock'n'Roll-Small Formation,Final,3,31,DF,0.49,2.3,0.21304347826086958,"[12.0, 13.0, 13.0, 12.0, 12.0]"
,167,Rock'n'Roll-Small Formation,Final,3,31,CO,0.56,2.0,0.28,"[9.0, 9.75, 9.75, 9.0, 10.5]"
,167,Rock'n'Roll-Small Formation,Final,3,31,FM,0.8,2.0,0.4,"[12.0, 11.0, 13.0, 11.0, 11.0]"
,167,Rock'n'Roll-Small Formation,Final,3,31,FW,4.0,14.4,0.2777777777777778,"[-15.0, -15.0, -25.0, -15.0, -15.0]"
,167,Rock'n'Roll-Small Formation,Final,3,31,sm,0.0,2.3,0.0,"[0.0, 0.0, 0.0, 0.0, 0.0]"
,167,Rock'n'Roll-Small Formation,Final,3,31,bm,0.0,8.0,0.0,"[0.0, 0.0, 0.0, 0.0, 0.0]"
,167,Rock'n'Roll-Small Formation,Final,4,33,DF,1.72,2.3,0.7478260869565218,"[13.0, 8.0, 12.0, 10.0, 11.0]"
,167,Rock'n'Roll-Small Formation,Final,4,33,CO,1.34,2.0,0.67,"[9.75, 6.0, 9.0, 7.5, 9.0]"
,167,Rock'n'Roll-Small Formation,Final,4,33,FM,1.02,2.0,0.51,"[11.0, 8.0, 10.0, 9.0, 9.0]"
,167,Rock'n'Roll-Small Formation,Final,4,33,FW,9.17,14.4,0.6368055555555555,"[-10.0, -35.0, -35.0, -25.0, -25.0]"
,167,Rock'n'Roll-Small Formation,Final,4,33,sm,0.0,2.3,0.0,"[0.0, 0.0, 0.0, 0.0, 0.0]"
,167,Rock'n'Roll-Small Formation,Final,4,33,bm,0.0,8.0,0.0,"[0.0, 0.0, 0.0, 0.0, 0.0]"
,167,Rock'n'Roll-Small Formation,Final,5,20,DF,1.94,2.3,0.8434782608695652,"[11.0, 7.0, 10.0, 6.0, 10.0]"
,167,Rock'n'Roll-Small Formation,Final,5,20,CO,0.9,2.0,0.45,"[7.5, 6.0, 7.5, 6.0, 8.25]"
,167,Rock'n'Roll-Small Formation,Final,5,20,FM,1.02,2.0,0.51,"[9.0, 8.0, 8.0, 6.0, 7.0]"
,167,Rock'n'Roll-Small Formation,Final,5,20,FW,4.9,14.4,0.3402777777777778,"[-25.0, -35.0, -35.0, -35.0, -25.0]"
,167,Rock'n'Roll-Small Formation,Final,5,20,sm,0.0,2.3,0.0,"[0.0, 0.0, 0.0, 0.0, 0.0]"
,167,Rock'n'Roll-Small Formation,Final,5,20,bm,0.0,8.0,0.0,"[0.0, 0.0, 0.0, 0.0, 0.0]"
,167,Rock'n'Roll-Small Formation,Final,6,335,DF,1.2,2.3,0.5217391304347826,"[9.0, 6.0, 8.0, 6.0, 8.0]"
,167,Rock'n'Roll-Small Formation,Final,6,335,CO,1.37,2.0,0.685,"[7.5, 4.5, 7.5, 4.5, 6.75]"
,167,Rock'n'Roll-Small Formation,Final,6,335,FM,1.17,2.0,0.585,"[9.0, 6.0, 8.0, 6.0, 7.0]"
,167,Rock'n'Roll-Small Formation,Final,6,335,FW,8.0,14.4,0.5555555555555556,"[-25.0, -50.0, -35.0, -35.0, -35.0]"
,167,Rock'n'Roll-Small Formation,Final,6,335,sm,0.98,2.3,0.42608695652173917,"[0.0, 0.0, -2.0, -2.0, -2.0]"
,167,Rock'n'Roll-Small Formation,Final,6,335,bm,0.0,8.0,0.0,"[0.0, 0.0, 0.0, 0.0, 0.0]"
,167,Rock'n'Roll-Formation Juniors,Final,1,175,DF,1.72,2.3,0.7478260869565218,"[9.0, 7.0, 12.0, 11.0, 10.0]"
,167,Rock'n'Roll-Formation Juniors,Final,1,175,CO,0.73,2.0,0.365,"[6.75, 6.75, 8.25, 8.25, 8.25]"
,167,Rock'n'Roll-Formation Juniors,Final,1,175,FM,1.47,2.0,0.735,"[12.0, 8.0, 11.0, 9.0, 9.0]"
,167,Rock'n'Roll-Formation Juniors,Final,1,175,FW,7.48,14.4,0.5194444444444445,"[-25.0, -35.0, -35.0, -15.0, -25.0]"
,167,Rock'n'Roll-Formation Juniors,Final,1,175,sm,0.8,2.3,0.3478260869565218,"[0.0, 0.0, -2.0, 0.0, 0.0]"
,167,Rock'n'Roll-Formation Juniors,Final,1,175,bm,0.0,8.0,0.0,"[0.0, 0.0, 0.0, 0.0, 0.0]"
,167,Rock'n'Roll-Formation Juniors,Final,2,65,DF,1.36,2.3,0.5913043478260871,"[10.0, 9.0, 13.0, 10.0, 10.0]"
,167,Rock'n'Roll-Formation Juniors,Final,2,65,CO,1.1,2.0,0.55,"[8.25, 6.0, 9.0, 6.75, 8.25]"
yes,167,Rock'n'Roll-Formation Juniors,Final,2,65,FM,2.73,2.0,1.365,"[12.0, 7.0, 13.0, 6.0, 9.0]"
,167,Rock'n'Roll-Formation Juniors,Final,2,65,FW,8.0,14.4,0.5555555555555556,"[-15.0, -35.0, -35.0, -25.0, -35.0]"
,167,Rock'n'Roll-Formation Juniors,Final,2,65,sm,0.98,2.3,0.42608695652173917,"[0.0, 0.0, -2.0, -2.0, 0.0]"
,167,Rock'n'Roll-Formation Juniors,Final,2,65,bm,0.0,8.0,0.0,"[0.0, 0.0, 0.0, 0.0, 0.0]"
,167,Rock'n'Roll-Formation Juniors,Final,3,37,DF,1.26,2.3,0.5478260869565218,"[12.0, 10.0, 14.0, 12.0, 12.0]"
,167,Rock'n'Roll-Formation Juniors,Final,3,37,CO,1.45,2.0,0.725,"[9.75, 6.75, 11.25, 9.0, 9.0]"
,167,Rock'n'Roll-Formation Juniors,Final,3,37,FM,1.17,2.0,0.585,"[12.0, 10.0, 13.0, 10.0, 11.0]"
,167,Rock'n'Roll-Formation Juniors,Final,3,37,FW,6.0,14.4,0.41666666666666663,"[-15.0, -25.0, -25.0, -10.0, -15.0]"
,167,Rock'n'Roll-Formation Juniors,Final,3,37,sm,0.8,2.3,0.3478260869565218,"[0.0, 0.0, -2.0, 0.0, 0.0]"
,167,Rock'n'Roll-Formation Juniors,Final,3,37,bm,0.0,8.0,0.0,"[0.0, 0.0, 0.0, 0.0, 0.0]"
,167,Rock'n'Roll-Formation Juniors,Final,4,313,DF,1.94,2.3,0.8434782608695652,"[8.0, 5.0, 7.0, 3.0, 8.0]"
,167,Rock'n'Roll-Formation Juniors,Final,4,313,CO,1.54,2.0,0.77,"[6.75, 4.5, 4.5, 2.25, 6.0]"
yes,167,Rock'n'Roll-Formation Juniors,Final,4,313,FM,2.14,2.0,1.07,"[8.0, 5.0, 7.0, 2.0, 7.0]"
yes,167,Rock'n'Roll-Formation Juniors,Final,4,313,FW,18.0,14.4,1.25,"[-35.0, -75.0, -50.0, -75.0, -35.0]"
yes,167,Rock'n'Roll-Formation Juniors,Final,4,313,sm,5.85,2.3,2.5434782608695654,"[-6.0, -20.0, -4.0, -6.0, -6.0]"
,167,Rock'n'Roll-Formation Juniors,Final,4,313,bm,4.0,8.0,0.5,"[0.0, -10.0, 0.0, 0.0, 0.0]"
,167,Rock'n'Roll-Formation Juniors,Final,5,303,DF,0.75,2.3,0.32608695652173914,"[9.0, 8.0, 8.0, 7.0, 9.0]"
,167,Rock'n'Roll-Formation Juniors,Final,5,303,CO,0.87,2.0,0.435,"[6.0, 5.25, 6.75, 4.5, 6.75]"
,167,Rock'n'Roll-Formation Juniors,Final,5,303,FM,0.63,2.0,0.315,"[9.0, 8.0, 8.0, 7.0, 8.0]"
,167,Rock'n'Roll-Formation Juniors,Final,5,303,FW,6.0,14.4,0.41666666666666663,"[-35.0, -50.0, -35.0, -35.0, -35.0]"
,167,Rock'n'Roll-Formation Juniors,Final,5,303,sm,1.6,2.3,0.6956521739130436,"[-4.0, 0.0, 0.0, 0.0, -2.0]"
,167,Rock'n'Roll-Formation Juniors,Final,5,303,bm,4.0,8.0,0.5,"[0.0, -10.0, -10.0, -10.0, -10.0]"
,167,Rock'n'Roll-Formation Juniors,Final,6,144,DF,1.47,2.3,0.6391304347826088,"[9.0, 8.0, 12.0, 8.0, 9.0]"
,167,Rock'n'Roll-Formation Juniors,Final,6,144,CO,1.2,2.0,0.6,"[7.5, 6.75, 9.0, 6.0, 9.0]"
yes,167,Rock'n'Roll-Formation Juniors,Final,6,144,FM,2.04,2.0,1.02,"[10.0, 8.0, 12.0, 6.0, 8.0]"
,167,Rock'n'Roll-Formation Juniors,Final,6,144,FW,8.0,14.4,0.5555555555555556,"[-15.0, -35.0, -35.0, -35.0, -25.0]"
,167,Rock'n'Roll-Formation Juniors,Final,6,144,sm,0.0,2.3,0.0,"[0.0, 0.0, 0.0, 0.0, 0.0]"
,167,Rock'n'Roll-Formation Juniors,Final,6,144,bm,0.0,8.0,0.0,"[0.0, 0.0, 0.0, 0.0, 0.0]"
,167,Rock'n'Roll-Formation,Final,1,208,DF,1.36,2.3,0.5913043478260871,"[11.0, 12.0, 15.0, 12.0, 13.0]"
,167,Rock'n'Roll-Formation,Final,1,208,CO,1.02,2.0,0.51,"[8.25, 9.0, 11.25, 9.0, 9.75]"
,167,Rock'n'Roll-Formation,Final,1,208,FM,1.67,2.0,0.835,"[12.0, 11.0, 15.0, 12.0, 10.0]"
,167,Rock'n'Roll-Formation,Final,1,208,FW,5.48,14.4,0.3805555555555556,"[-25.0, -15.0, -10.0, -10.0, -15.0]"
,167,Rock'n'Roll-Formation,Final,1,208,sm,0.8,2.3,0.3478260869565218,"[-2.0, 0.0, 0.0, 0.0, 0.0]"
,167,Rock'n'Roll-Formation,Final,1,208,bm,4.9,8.0,0.6125,"[0.0, -10.0, -10.0, -10.0, 0.0]"
,167,Rock'n'Roll-Formation,Final,2,128,DF,1.36,2.3,0.5913043478260871,"[9.0, 11.0, 12.0, 12.0, 9.0]"
,167,Rock'n'Roll-Formation,Final,2,128,CO,1.45,2.0,0.725,"[6.75, 11.25, 9.0, 9.0, 8.25]"
,167,Rock'n'Roll-Formation,Final,2,128,FM,1.5,2.0,0.75,"[11.0, 9.0, 11.0, 13.0, 9.0]"
,167,Rock'n'Roll-Formation,Final,2,128,FW,6.32,14.4,0.4388888888888889,"[-25.0, -35.0, -25.0, -15.0, -25.0]"
,167,Rock'n'Roll-Formation,Final,2,128,sm,0.0,2.3,0.0,"[0.0, 0.0, 0.0, 0.0, 0.0]"
,167,Rock'n'Roll-Formation,Final,2,128,bm,0.0,8.0,0.0,"[0.0, 0.0, 0.0, 0.0, 0.0]"
,167,Rock'n'Roll-Formation,Final,3,77,DF,1.17,2.3,0.5086956521739131,"[11.0, 8.0, 11.0, 10.0, 11.0]"
,167,Rock'n'Roll-Formation,Final,3,77,CO,1.45,2.0,0.725,"[10.5, 6.75, 9.0, 6.75, 9.0]"
,167,Rock'n'Roll-Formation,Final,3,77,FM,1.85,2.0,0.925,"[12.0, 7.0, 12.0, 10.0, 11.0]"
,167,Rock'n'Roll-Formation,Final,3,77,FW,9.8,14.4,0.6805555555555556,"[-25.0, -50.0, -35.0, -25.0, -25.0]"
,167,Rock'n'Roll-Formation,Final,3,77,sm,0.0,2.3,0.0,"[0.0, 0.0, 0.0, 0.0, 0.0]"
,167,Rock'n'Roll-Formation,Final,3,77,bm,0.0,8.0,0.0,"[0.0, 0.0, 0.0, 0.0, 0.0]"
,167,Rock'n'Roll-Main Class Start,Final,1,286,DF,2.04,2.3,0.8869565217391305,"[11.25, 8.75, 6.25]"
,167,Rock'n'Roll-Main Class Start,Final,1,286,CO,1.7,2.0,0.85,"[10.0, 7.0, 6.0]"
,167,Rock'n'Roll-Main Class Start,Final,1,286,FM,1.18,2.0,0.59,"[5.0, 5.0, 2.5]"
,167,Rock'n'Roll-Main Class Start,Final,1,286,FW,0.0,14.4,0.0,"[-50.0, -50.0, -50.0]"
,167,Rock'n'Roll-Main Class Start,Final,1,286,sm,1.89,2.3,0.8217391304347826,"[0.0, -4.0, 0.0]"
,167,Rock'n'Roll-Main Class Start,Final,1,286,bm,0.0,8.0,0.0,"[0.0, 0.0, 0.0]"
,167,Rock'n'Roll-Main Class Start,Final,2,40,DF,2.04,2.3,0.8869565217391305,"[11.25, 8.75, 6.25]"
yes,167,Rock'n'Roll-Main Class Start,Final,2,40,CO,2.05,2.0,1.025,"[9.0, 7.0, 4.0]"
,167,Rock'n'Roll-Main Class Start,Final,2,40,FM,1.18,2.0,0.59,"[5.0, 2.5, 5.0]"
yes,167,Rock'n'Roll-Main Class Start,Final,2,40,FW,18.86,14.4,1.3097222222222222,"[-35.0, -35.0, -75.0]"
,167,Rock'n'Roll-Main Class Start,Final,2,40,sm,0.94,2.3,0.40869565217391307,"[0.0, 0.0, -2.0]"
,167,Rock'n'Roll-Main Class Start,Final,2,40,bm,0.0,8.0,0.0,"[0.0, 0.0, 0.0]"
,167,Rock'n'Roll-Main Class Start,Final,3,118,DF,1.56,2.3,0.6782608695652175,"[12.5, 8.75, 10.0]"
,167,Rock'n'Roll-Main Class Start,Final,3,118,CO,0.94,2.0,0.47,"[10.0, 8.0, 8.0]"
,167,Rock'n'Roll-Main Class Start,Final,3,118,FM,0.94,2.0,0.47,"[8.5, 6.5, 6.5]"
,167,Rock'n'Roll-Main Class Start,Final,3,118,FW,4.71,14.4,0.32708333333333334,"[-25.0, -35.0, -25.0]"
,167,Rock'n'Roll-Main Class Start,Final,3,118,sm,0.0,2.3,0.0,"[0.0, 0.0, 0.0]"
,167,Rock'n'Roll-Main Class Start,Final,3,118,bm,0.0,8.0,0.0,"[0.0, 0.0, 0.0]"
,167,Rock'n'Roll-Main Class Start,Final,4,142,DF,1.56,2.3,0.6782608695652175,"[12.5, 8.75, 10.0]"
,167,Rock'n'Roll-Main Class Start,Final,4,142,CO,1.7,2.0,0.85,"[11.0, 7.0, 8.0]"
,167,Rock'n'Roll-Main Class Start,Final,4,142,FM,1.03,2.0,0.515,"[6.5, 7.5, 5.0]"
,167,Rock'n'Roll-Main Class Start,Final,4,142,FW,10.27,14.4,0.7131944444444444,"[-25.0, -35.0, -50.0]"
,167,Rock'n'Roll-Main Class Start,Final,4,142,sm,0.94,2.3,0.40869565217391307,"[0.0, -2.0, 0.0]"
,167,Rock'n'Roll-Main Class Start,Final,4,142,bm,0.0,8.0,0.0,"[0.0, 0.0, 0.0]"
,167,Rock'n'Roll-Main Class Contact Style,First round,1,430,DF,1.56,2.3,0.6782608695652175,"[12.5, 10.0, 13.75]"
,167,Rock'n'Roll-Main Class Contact Style,First round,1,430,CO,1.7,2.0,0.85,"[11.0, 8.0, 12.0]"
,167,Rock'n'Roll-Main Class Contact Style,First round,1,430,FM,0.0,2.0,0.0,"[7.5, 7.5, 7.5]"
,167,Rock'n'Roll-Main Class Contact Style,First round,1,430,FW,4.71,14.4,0.32708333333333334,"[-25.0, -15.0, -25.0]"
,167,Rock'n'Roll-Main Class Contact Style,First round,1,430,sm,0.0,2.3,0.0,"[0.0, 0.0, 0.0]"
,167,Rock'n'Roll-Main Class Contact Style,First round,1,430,bm,0.0,8.0,0.0,"[0.0, 0.0, 0.0]"
yes,167,Rock'n'Roll-Main Class Contact Style,First round,1,495,DF,2.36,2.3,1.0260869565217392,"[10.0, 10.0, 15.0]"
,167,Rock'n'Roll-Main Class Contact Style,First round,1,495,CO,1.25,2.0,0.625,"[12.0, 9.0, 11.0]"
,167,Rock'n'Roll-Main Class Contact Style,First round,1,495,FM,0.47,2.0,0.235,"[8.5, 7.5, 7.5]"
,167,Rock'n'Roll-Main Class Contact Style,First round,1,495,FW,6.24,14.4,0.43333333333333335,"[-10.0, -15.0, -25.0]"
,167,Rock'n'Roll-Main Class Contact Style,First round,1,495,sm,0.0,2.3,0.0,"[0.0, 0.0, 0.0]"
,167,Rock'n'Roll-Main Class Contact Style,First round,1,495,bm,0.0,8.0,0.0,"[0.0, 0.0, 0.0]"
yes,167,Rock'n'Roll-Main Class Contact Style,First round,2,494,DF,3.68,2.3,1.6,"[17.5, 8.75, 11.25]"
yes,167,Rock'n'Roll-Main Class Contact Style,First round,2,494,CO,3.3,2.0,1.65,"[14.0, 6.0, 9.0]"
,167,Rock'n'Roll-Main Class Contact Style,First round,2,494,FM,0.71,2.0,0.355,"[9.0, 7.5, 7.5]"
,167,Rock'n'Roll-Main Class Contact Style,First round,2,494,FW,6.24,14.4,0.43333333333333335,"[-10.0, -15.0, -25.0]"
,167,Rock'n'Roll-Main Class Contact Style,First round,2,494,sm,0.0,2.3,0.0,"[0.0, 0.0, 0.0]"
,167,Rock'n'Roll-Main Class Contact Style,First round,2,494,bm,0.0,8.0,0.0,"[0.0, 0.0, 0.0]"
,167,Rock'n'Roll-Main Class Contact Style,First round,2,28,DF,2.04,2.3,0.8869565217391305,"[13.75, 8.75, 11.25]"
,167,Rock'n'Roll-Main Class Contact Style,First round,2,28,CO,0.94,2.0,0.47,"[11.0, 9.0, 9.0]"
,167,Rock'n'Roll-Main Class Contact Style,First round,2,28,FM,0.82,2.0,0.41,"[8.5, 6.5, 7.5]"
,167,Rock'n'Roll-Main Class Contact Style,First round,2,28,FW,4.71,14.4,0.32708333333333334,"[-15.0, -25.0, -25.0]"
,167,Rock'n'Roll-Main Class Contact Style,First round,2,28,sm,0.0,2.3,0.0,"[0.0, 0.0, 0.0]"
,167,Rock'n'Roll-Main Class Contact Style,First round,2,28,bm,0.0,8.0,0.0,"[0.0, 0.0, 0.0]"
,167,Rock'n'Roll-Main Class Contact Style,First round,3,179,DF,2.12,2.3,0.9217391304347827,"[13.75, 10.0, 15.0]"
,167,Rock'n'Roll-Main Class Contact Style,First round,3,179,CO,1.25,2.0,0.625,"[11.0, 9.0, 12.0]"
,167,Rock'n'Roll-Main Class Contact Style,First round,3,179,FM,0.24,2.0,0.12,"[9.0, 8.5, 8.5]"
,167,Rock'n'Roll-Main Class Contact Style,First round,3,179,FW,4.71,14.4,0.32708333333333334,"[-25.0, -35.0, -25.0]"
,167,Rock'n'Roll-Main Class Contact Style,First round,3,179,sm,0.0,2.3,0.0,"[0.0, 0.0, 0.0]"
,167,Rock'n'Roll-Main Class Contact Style,First round,3,179,bm,0.0,8.0,0.0,"[0.0, 0.0, 0.0]"
,167,Rock'n'Roll-Main Class Contact Style,First round,3,160,DF,1.56,2.3,0.6782608695652175,"[11.25, 8.75, 12.5]"
,167,Rock'n'Roll-Main Class Contact Style,First round,3,160,CO,1.41,2.0,0.705,"[10.0, 7.0, 10.0]"
,167,Rock'n'Roll-Main Class Contact Style,First round,3,160,FM,0.47,2.0,0.235,"[7.5, 6.5, 7.5]"
,167,Rock'n'Roll-Main Class Contact Style,First round,3,160,FW,4.71,14.4,0.32708333333333334,"[-25.0, -35.0, -25.0]"
,167,Rock'n'Roll-Main Class Contact Style,First round,3,160,sm,0.0,2.3,0.0,"[0.0, 0.0, 0.0]"
,167,Rock'n'Roll-Main Class Contact Style,First round,3,160,bm,0.0,8.0,0.0,"[0.0, 0.0, 0.0]"
,167,Rock'n'Roll-Main Class Contact Style,First round,4,283,DF,0.59,2.3,0.2565217391304348,"[10.0, 8.75, 10.0]"
,167,Rock'n'Roll-Main Class Contact Style,First round,4,283,CO,0.94,2.0,0.47,"[9.0, 7.0, 9.0]"
,167,Rock'n'Roll-Main Class Contact Style,First round,4,283,FM,0.71,2.0,0.355,"[6.5, 5.0, 6.5]"
,167,Rock'n'Roll-Main Class Contact Style,First round,4,283,FW,4.71,14.4,0.32708333333333334,"[-25.0, -35.0, -25.0]"
,167,Rock'n'Roll-Main Class Contact Style,First round,4,283,sm,0.0,2.3,0.0,"[0.0, 0.0, 0.0]"
,167,Rock'n'Roll-Main Class Contact Style,First round,4,283,bm,0.0,8.0,0.0,"[0.0, 0.0, 0.0]"
,167,Rock'n'Roll-Main Class Contact Style,Final - Foot technique,1,430,DF,0.98,2.3,0.42608695652173917,"[8.125, 5.625, 6.875, 8.75, 7.5, 7.5]"
,167,Rock'n'Roll-Main Class Contact Style,Final - Foot technique,1,430,CO,0.62,2.0,0.31,"[6.0, 5.5, 5.0, 7.0, 5.5, 6.0]"
,167,Rock'n'Roll-Main Class Contact Style,Final - Foot technique,1,430,FM,0.25,2.0,0.125,"[4.25, 4.25, 4.25, 4.5, 3.75, 4.5]"
,167,Rock'n'Roll-Main Class Contact Style,Final - Foot technique,1,430,FW,3.44,14.4,0.23888888888888887,"[-57.5, -57.5, -62.5, -57.5, -62.5, -52.5]"
,167,Rock'n'Roll-Main Class Contact Style,Final - Foot technique,1,430,sm,0.94,2.3,0.40869565217391307,"[-2.0, 0.0, 0.0, 0.0, 0.0, -2.0]"
,167,Rock'n'Roll-Main Class Contact Style,Final - Foot technique,1,430,bm,3.73,8.0,0.46625,"[0.0, 0.0, 0.0, 0.0, -10.0, 0.0]"
,167,Rock'n'Roll-Main Class Contact Style,Final - Foot technique,2,160,DF,0.69,2.3,0.3,"[6.25, 5.0, 5.625, 6.875, 5.625, 6.875]"
,167,Rock'n'Roll-Main Class Contact Style,Final - Foot technique,2,160,CO,0.8,2.0,0.4,"[6.0, 3.5, 4.5, 5.5, 4.5, 5.0]"
,167,Rock'n'Roll-Main Class Contact Style,Final - Foot technique,2,160,FM,0.62,2.0,0.31,"[3.25, 2.5, 3.25, 4.25, 3.25, 4.25]"
,167,Rock'n'Roll-Main Class Contact Style,Final - Foot technique,2,160,FW,3.44,14.4,0.23888888888888887,"[-62.5, -67.5, -67.5, -62.5, -62.5, -57.5]"
,167,Rock'n'Roll-Main Class Contact Style,Final - Foot technique,2,160,sm,0.75,2.3,0.32608695652173914,"[0.0, 0.0, 0.0, 0.0, -2.0, 0.0]"
,167,Rock'n'Roll-Main Class Contact Style,Final - Foot technique,2,160,bm,0.0,8.0,0.0,"[0.0, 0.0, 0.0, 0.0, 0.0, 0.0]"
,167,Rock'n'Roll-Main Class Contact Style,Final - Foot technique,3,494,DF,1.14,2.3,0.49565217391304345,"[10.0, 6.25, 7.5, 8.75, 8.125, 8.125]"
,167,Rock'n'Roll-Main Class Contact Style,Final - Foot technique,3,494,CO,0.85,2.0,0.425,"[6.5, 5.0, 4.5, 7.0, 6.0, 6.0]"
,167,Rock'n'Roll-Main Class Contact Style,Final - Foot technique,3,494,FM,0.28,2.0,0.14,"[4.5, 4.25, 4.75, 5.0, 4.25, 4.75]"
,167,Rock'n'Roll-Main Class Contact Style,Final - Foot technique,3,494,FW,1.72,14.4,0.11944444444444444,"[-55.0, -57.5, -55.0, -55.0, -57.5, -52.5]"
,167,Rock'n'Roll-Main Class Contact Style,Final - Foot technique,3,494,sm,0.0,2.3,0.0,"[0.0, 0.0, 0.0, 0.0, 0.0, 0.0]"
,167,Rock'n'Roll-Main Class Contact Style,Final - Foot technique,3,494,bm,0.0,8.0,0.0,"[0.0, 0.0, 0.0, 0.0, 0.0, 0.0]"
,167,Rock'n'Roll-Main Class Contact Style,Final - Foot technique,4,28,DF,0.67,2.3,0.291304347826087,"[7.5, 5.625, 5.625, 6.25, 6.25, 5.625]"
,167,Rock'n'Roll-Main Class Contact Style,Final - Foot technique,4,28,CO,0.87,2.0,0.435,"[5.5, 4.0, 5.0, 6.5, 5.0, 4.0]"
,167,Rock'n'Roll-Main Class Contact Style,Final - Foot technique,4,28,FM,0.55,2.0,0.275,"[3.75, 3.25, 2.5, 3.75, 3.25, 4.25]"
,167,Rock'n'Roll-Main Class Contact Style,Final - Foot technique,4,28,FW,3.73,14.4,0.25902777777777775,"[-57.5, -62.5, -67.5, -57.5, -62.5, -57.5]"
,167,Rock'n'Roll-Main Class Contact Style,Final - Foot technique,4,28,sm,0.75,2.3,0.32608695652173914,"[0.0, 0.0, 0.0, -2.0, 0.0, 0.0]"
,167,Rock'n'Roll-Main Class Contact Style,Final - Foot technique,4,28,bm,0.0,8.0,0.0,"[0.0, 0.0, 0.0, 0.0, 0.0, 0.0]"
,167,Rock'n'Roll-Main Class Contact Style,Final - Foot technique,5,495,DF,0.79,2.3,0.34347826086956523,"[7.5, 5.0, 6.875, 6.875, 6.875, 6.25]"
,167,Rock'n'Roll-Main Class Contact Style,Final - Foot technique,5,495,CO,0.65,2.0,0.325,"[6.0, 4.0, 5.0, 5.0, 5.5, 4.5]"
,167,Rock'n'Roll-Main Class Contact Style,Final - Foot technique,5,495,FM,0.25,2.0,0.125,"[4.5, 4.25, 4.25, 4.25, 3.75, 4.5]"
,167,Rock'n'Roll-Main Class Contact Style,Final - Foot technique,5,495,FW,3.44,14.4,0.23888888888888887,"[-57.5, -62.5, -62.5, -55.0, -62.5, -55.0]"
,167,Rock'n'Roll-Main Class Contact Style,Final - Foot technique,5,495,sm,0.75,2.3,0.32608695652173914,"[-2.0, 0.0, 0.0, 0.0, 0.0, 0.0]"
,167,Rock'n'Roll-Main Class Contact Style,Final - Foot technique,5,495,bm,0.0,8.0,0.0,"[0.0, 0.0, 0.0, 0.0, 0.0, 0.0]"
,167,Rock'n'Roll-Main Class Contact Style,Final - Foot technique,6,179,DF,0.47,2.3,0.20434782608695654,"[6.875, 6.25, 6.875, 7.5, 7.5, 7.5]"
,167,Rock'n'Roll-Main Class Contact Style,Final - Foot technique,6,179,CO,0.65,2.0,0.325,"[6.5, 5.0, 5.5, 7.0, 6.0, 6.0]"
,167,Rock'n'Roll-Main Class Contact Style,Final - Foot technique,6,179,FM,0.47,2.0,0.235,"[4.25, 3.25, 4.25, 4.25, 4.5, 4.75]"
,167,Rock'n'Roll-Main Class Contact Style,Final - Foot technique,6,179,FW,4.79,14.4,0.3326388888888889,"[-62.5, -57.5, -67.5, -62.5, -57.5, -52.5]"
,167,Rock'n'Roll-Main Class Contact Style,Final - Foot technique,6,179,sm,0.0,2.3,0.0,"[0.0, 0.0, 0.0, 0.0, 0.0, 0.0]"
,167,Rock'n'Roll-Main Class Contact Style,Final - Foot technique,6,179,bm,0.0,8.0,0.0,"[0.0, 0.0, 0.0, 0.0, 0.0, 0.0]"
,167,Rock'n'Roll-Main Class Contact Style,Final - Acrobatic,1,160,DF,0.51,2.3,0.22173913043478263,"[5.625, 5.0, 6.25]"
,167,Rock'n'Roll-Main Class Contact Style,Final - Acrobatic,1,160,CO,0.71,2.0,0.355,"[5.0, 3.5, 5.0]"
,167,Rock'n'Roll-Main Class Contact Style,Final - Acrobatic,1,160,FM,0.35,2.0,0.175,"[2.5, 3.25, 3.25]"
,167,Rock'n'Roll-Main Class Contact Style,Final - Acrobatic,1,160,FW,2.36,14.4,0.1638888888888889,"[-67.5, -67.5, -62.5]"
,167,Rock'n'Roll-Main Class Contact Style,Final - Acrobatic,1,160,sm,0.0,2.3,0.0,"[0.0, 0.0, 0.0]"
,167,Rock'n'Roll-Main Class Contact Style,Final - Acrobatic,1,160,bm,0.0,8.0,0.0,"[0.0, 0.0, 0.0]"
,167,Rock'n'Roll-Main Class Contact Style,Final - Acrobatic,2,495,DF,0.0,2.3,0.0,"[6.25, 6.25, 6.25]"
,167,Rock'n'Roll-Main Class Contact Style,Final - Acrobatic,2,495,CO,0.62,2.0,0.31,"[6.0, 5.5, 4.5]"
,167,Rock'n'Roll-Main Class Contact Style,Final - Acrobatic,2,495,FM,0.24,2.0,0.12,"[3.75, 4.25, 3.75]"
,167,Rock'n'Roll-Main Class Contact Style,Final - Acrobatic,2,495,FW,0.0,14.4,0.0,"[-62.5, -62.5, -62.5]"
,167,Rock'n'Roll-Main Class Contact Style,Final - Acrobatic,2,495,sm,0.0,2.3,0.0,"[-2.0, -2.0, -2.0]"
,167,Rock'n'Roll-Main Class Contact Style,Final - Acrobatic,2,495,bm,0.0,8.0,0.0,"[0.0, 0.0, 0.0]"
,167,Rock'n'Roll-Main Class Contact Style,Final - Acrobatic,3,179,DF,0.29,2.3,0.12608695652173912,"[6.875, 6.25, 6.875]"
,167,Rock'n'Roll-Main Class Contact Style,Final - Acrobatic,3,179,CO,0.62,2.0,0.31,"[4.5, 5.5, 6.0]"
,167,Rock'n'Roll-Main Class Contact Style,Final - Acrobatic,3,179,FM,0.12,2.0,0.06,"[4.5, 4.25, 4.25]"
,167,Rock'n'Roll-Main Class Contact Style,Final - Acrobatic,3,179,FW,2.36,14.4,0.1638888888888889,"[-57.5, -62.5, -57.5]"
,167,Rock'n'Roll-Main Class Contact Style,Final - Acrobatic,3,179,sm,0.0,2.3,0.0,"[0.0, 0.0, 0.0]"
,167,Rock'n'Roll-Main Class Contact Style,Final - Acrobatic,3,179,bm,0.0,8.0,0.0,"[0.0, 0.0, 0.0]"
,167,Rock'n'Roll-Main Class Contact Style,Final - Acrobatic,4,494,DF,0.78,2.3,0.33913043478260874,"[7.5, 5.625, 6.25]"
,167,Rock'n'Roll-Main Class Contact Style,Final - Acrobatic,4,494,CO,0.47,2.0,0.235,"[5.5, 4.5, 4.5]"
,167,Rock'n'Roll-Main Class Contact Style,Final - Acrobatic,4,494,FM,0.24,2.0,0.12,"[3.75, 4.25, 4.25]"
,167,Rock'n'Roll-Main Class Contact Style,Final - Acrobatic,4,494,FW,0.0,14.4,0.0,"[-57.5, -57.5, -57.5]"
,167,Rock'n'Roll-Main Class Contact Style,Final - Acrobatic,4,494,sm,0.0,2.3,0.0,"[0.0, 0.0, 0.0]"
yes,167,Rock'n'Roll-Main Class Contact Style,Final - Acrobatic,4,494,bm,9.43,8.0,1.17875,"[-30.0, -30.0, -10.0]"
,167,Rock'n'Roll-Main Class Contact Style,Final - Acrobatic,5,28,DF,0.59,2.3,0.2565217391304348,"[6.875, 5.625, 5.625]"
,167,Rock'n'Roll-Main Class Contact Style,Final - Acrobatic,5,28,CO,0.24,2.0,0.12,"[5.5, 5.0, 5.5]"
,167,Rock'n'Roll-Main Class Contact Style,Final - Acrobatic,5,28,FM,0.24,2.0,0.12,"[4.25, 3.75, 3.75]"
,167,Rock'n'Roll-Main Class Contact Style,Final - Acrobatic,5,28,FW,2.36,14.4,0.1638888888888889,"[-57.5, -62.5, -62.5]"
,167,Rock'n'Roll-Main Class Contact Style,Final - Acrobatic,5,28,sm,0.0,2.3,0.0,"[0.0, 0.0, 0.0]"
,167,Rock'n'Roll-Main Class Contact Style,Final - Acrobatic,5,28,bm,0.0,8.0,0.0,"[0.0, 0.0, 0.0]"
,167,Rock'n'Roll-Main Class Contact Style,Final - Acrobatic,6,430,DF,0.78,2.3,0.33913043478260874,"[6.875, 5.625, 7.5]"
,167,Rock'n'Roll-Main Class Contact Style,Final - Acrobatic,6,430,CO,0.82,2.0,0.41,"[6.0, 4.0, 5.0]"
,167,Rock'n'Roll-Main Class Contact Style,Final - Acrobatic,6,430,FM,0.24,2.0,0.12,"[3.75, 4.25, 3.75]"
,167,Rock'n'Roll-Main Class Contact Style,Final - Acrobatic,6,430,FW,2.36,14.4,0.1638888888888889,"[-67.5, -62.5, -62.5]"
,167,Rock'n'Roll-Main Class Contact Style,Final - Acrobatic,6,430,sm,0.94,2.3,0.40869565217391307,"[-2.0, -2.0, 0.0]"
,167,Rock'n'Roll-Main Class Contact Style,Final - Acrobatic,6,430,bm,0.0,8.0,0.0,"[0.0, 0.0, 0.0]"
,167,Rock'n'Roll-Main Class Free Style,Final - Foot technique,1,222,DF,0.84,2.3,0.3652173913043478,"[6.875, 5.0, 5.0, 5.0, 6.875, 5.625]"
,167,Rock'n'Roll-Main Class Free Style,Final - Foot technique,1,222,CO,0.99,2.0,0.495,"[6.0, 4.0, 3.5, 4.0, 6.0, 4.5]"
,167,Rock'n'Roll-Main Class Free Style,Final - Foot technique,1,222,FM,0.72,2.0,0.36,"[3.75, 3.25, 2.5, 2.5, 3.75, 4.5]"
,167,Rock'n'Roll-Main Class Free Style,Final - Foot technique,1,222,FW,2.89,14.4,0.20069444444444445,"[-62.5, -62.5, -67.5, -62.5, -62.5, -57.5]"
,167,Rock'n'Roll-Main Class Free Style,Final - Foot technique,1,222,sm,0.0,2.3,0.0,"[0.0, 0.0, 0.0, 0.0, 0.0, 0.0]"
,167,Rock'n'Roll-Main Class Free Style,Final - Foot technique,1,222,bm,0.0,8.0,0.0,"[0.0, 0.0, 0.0, 0.0, 0.0, 0.0]"
,167,Rock'n'Roll-Main Class Free Style,Final - Foot technique,2,63,DF,1.27,2.3,0.5521739130434783,"[6.875, 5.625, 4.375, 3.75, 6.875, 6.875]"
,167,Rock'n'Roll-Main Class Free Style,Final - Foot technique,2,63,CO,0.75,2.0,0.375,"[5.5, 4.0, 4.5, 4.0, 6.0, 5.0]"
,167,Rock'n'Roll-Main Class Free Style,Final - Foot technique,2,63,FM,0.45,2.0,0.225,"[3.75, 3.75, 3.25, 3.25, 3.25, 4.5]"
,167,Rock'n'Roll-Main Class Free Style,Final - Foot technique,2,63,FW,6.12,14.4,0.425,"[-62.5, -62.5, -67.5, -75.0, -67.5, -55.0]"
,167,Rock'n'Roll-Main Class Free Style,Final - Foot technique,2,63,sm,0.0,2.3,0.0,"[0.0, 0.0, 0.0, 0.0, 0.0, 0.0]"
,167,Rock'n'Roll-Main Class Free Style,Final - Foot technique,2,63,bm,0.0,8.0,0.0,"[0.0, 0.0, 0.0, 0.0, 0.0, 0.0]"
,167,Rock'n'Roll-Main Class Free Style,Final - Acrobatic,1,222,DF,0.78,2.3,0.33913043478260874,"[6.25, 4.375, 5.0]"
,167,Rock'n'Roll-Main Class Free Style,Final - Acrobatic,1,222,CO,0.85,2.0,0.425,"[5.5, 4.0, 3.5]"
,167,Rock'n'Roll-Main Class Free Style,Final - Acrobatic,1,222,FM,1.08,2.0,0.54,"[3.75, 1.25, 3.25]"
,167,Rock'n'Roll-Main Class Free Style,Final - Acrobatic,1,222,FW,4.08,14.4,0.2833333333333333,"[-62.5, -67.5, -57.5]"
,167,Rock'n'Roll-Main Class Free Style,Final - Acrobatic,1,222,sm,0.0,2.3,0.0,"[0.0, 0.0, 0.0]"
,167,Rock'n'Roll-Main Class Free Style,Final - Acrobatic,1,222,bm,0.0,8.0,0.0,"[0.0, 0.0, 0.0]"
,167,Rock'n'Roll-Main Class Free Style,Final - Acrobatic,2,63,DF,0.59,2.3,0.2565217391304348,"[3.75, 5.0, 5.0]"
,167,Rock'n'Roll-Main Class Free Style,Final - Acrobatic,2,63,CO,0.47,2.0,0.235,"[4.5, 3.5, 4.5]"
,167,Rock'n'Roll-Main Class Free Style,Final - Acrobatic,2,63,FM,0.47,2.0,0.235,"[3.25, 3.25, 4.25]"
,167,Rock'n'Roll-Main Class Free Style,Final - Acrobatic,2,63,FW,7.17,14.4,0.4979166666666667,"[-67.5, -75.0, -57.5]"
,167,Rock'n'Roll-Main Class Free Style,Final - Acrobatic,2,63,sm,0.0,2.3,0.0,"[0.0, 0.0, 0.0]"
,167,Rock'n'Roll-Main Class Free Style,Final - Acrobatic,2,63,bm,4.71,8.0,0.58875,"[-40.0, -40.0, -30.0]"
,167,Rock'n'Roll-Main Class Start,Final,1,286,Acro 1,6.24,12.0,0.52,"[-25.0, -15.0, -10.0]"
,167,Rock'n'Roll-Main Class Start,Final,1,286,Acro 2,9.43,12.0,0.7858333333333333,"[-35.0, -15.0, -15.0]"
,167,Rock'n'Roll-Main Class Start,Final,1,286,Acro 3,8.16,12.0,0.68,"[-35.0, -25.0, -15.0]"
,167,Rock'n'Roll-Main Class Start,Final,1,286,Acro 4,4.71,12.0,0.3925,"[-25.0, -15.0, -25.0]"
,167,Rock'n'Roll-Main Class Start,Final,1,286,Acro 5,11.79,12.0,0.9824999999999999,"[-50.0, -25.0, -25.0]"
,167,Rock'n'Roll-Main Class Start,Final,1,286,Acro 6,6.24,12.0,0.52,"[-25.0, -15.0, -10.0]"
,167,Rock'n'Roll-Main Class Start,Final,2,40,Acro 1,0.0,12.0,0.0,"[-15.0, -15.0, -15.0]"
,167,Rock'n'Roll-Main Class Start,Final,2,40,Acro 2,10.27,12.0,0.8558333333333333,"[-35.0, -25.0, -10.0]"
yes,167,Rock'n'Roll-Main Class Start,Final,2,40,Acro 3,17.8,12.0,1.4833333333333334,"[-50.0, -15.0, -10.0]"
,167,Rock'n'Roll-Main Class Start,Final,2,40,Acro 4,6.24,12.0,0.52,"[-25.0, -10.0, -15.0]"
,167,Rock'n'Roll-Main Class Start,Final,2,40,Acro 5,4.71,12.0,0.3925,"[-25.0, -15.0, -15.0]"
yes,167,Rock'n'Roll-Main Class Start,Final,2,40,Acro 6,16.5,12.0,1.375,"[-50.0, -15.0, -15.0]"
,167,Rock'n'Roll-Main Class Start,Final,3,118,Acro 1,10.27,12.0,0.8558333333333333,"[-35.0, -25.0, -10.0]"
yes,167,Rock'n'Roll-Main Class Start,Final,3,118,Acro 2,14.72,12.0,1.2266666666666668,"[-50.0, -25.0, -15.0]"
,167,Rock'n'Roll-Main Class Start,Final,3,118,Acro 3,8.16,12.0,0.68,"[-35.0, -25.0, -15.0]"
yes,167,Rock'n'Roll-Main Class Start,Final,3,118,Acro 4,17.8,12.0,1.4833333333333334,"[-50.0, -15.0, -10.0]"
,167,Rock'n'Roll-Main Class Start,Final,3,118,Acro 5,10.27,12.0,0.8558333333333333,"[-35.0, -25.0, -10.0]"
,167,Rock'n'Roll-Main Class Start,Final,3,118,Acro 6,8.16,12.0,0.68,"[-15.0, -25.0, -5.0]"
,167,Rock'n'Roll-Main Class Start,Final,4,142,Acro 1,6.24,12.0,0.52,"[-25.0, -10.0, -15.0]"
yes,167,Rock'n'Roll-Main Class Start,Final,4,142,Acro 2,20.41,12.0,1.7008333333333334,"[-75.0, -100.0, -50.0]"
,167,Rock'n'Roll-Main Class Start,Final,4,142,Acro 3,6.24,12.0,0.52,"[-15.0, -5.0, 0.0]"
,167,Rock'n'Roll-Main Class Start,Final,4,142,Acro 4,8.5,12.0,0.7083333333333334,"[-25.0, -10.0, -5.0]"
,167,Rock'n'Roll-Main Class Start,Final,4,142,Acro 5,9.43,12.0,0.7858333333333333,"[-25.0, -5.0, -5.0]"
,167,Rock'n'Roll-Main Class Start,Final,4,142,Acro 6,6.24,12.0,0.52,"[-15.0, -5.0, 0.0]"
,167,Rock'n'Roll-Main Class Contact Style,First round,1,495,Acro 1,4.71,12.0,0.3925,"[0.0, -10.0, 0.0]"
,167,Rock'n'Roll-Main Class Contact Style,First round,1,495,Acro 2,0.0,12.0,0.0,"[-15.0, -15.0, -15.0]"
,167,Rock'n'Roll-Main Class Contact Style,First round,1,495,Acro 3,4.71,12.0,0.3925,"[-15.0, -15.0, -5.0]"
,167,Rock'n'Roll-Main Class Contact Style,First round,1,495,Acro 4,2.36,12.0,0.19666666666666666,"[-10.0, -10.0, -5.0]"
,167,Rock'n'Roll-Main Class Contact Style,First round,1,495,Acro 5,8.16,12.0,0.68,"[-25.0, -15.0, -5.0]"
,167,Rock'n'Roll-Main Class Contact Style,First round,1,495,Acro 6,0.0,12.0,0.0,"[-1.0, -1.0, -1.0]"
,167,Rock'n'Roll-Main Class Contact Style,First round,1,430,Acro 1,6.24,12.0,0.52,"[-15.0, -10.0, 0.0]"
,167,Rock'n'Roll-Main Class Contact Style,First round,1,430,Acro 2,4.08,12.0,0.34,"[-10.0, -5.0, 0.0]"
,167,Rock'n'Roll-Main Class Contact Style,First round,1,430,Acro 3,9.43,12.0,0.7858333333333333,"[-35.0, -15.0, -15.0]"
,167,Rock'n'Roll-Main Class Contact Style,First round,1,430,Acro 4,6.24,12.0,0.52,"[-15.0, -10.0, 0.0]"
,167,Rock'n'Roll-Main Class Contact Style,First round,1,430,Acro 5,8.5,12.0,0.7083333333333334,"[-25.0, -10.0, -5.0]"
,167,Rock'n'Roll-Main Class Contact Style,First round,1,430,Acro 6,0.0,12.0,0.0,"[-1.0, -1.0, -1.0]"
,167,Rock'n'Roll-Main Class Contact Style,First round,2,494,Acro 1,2.36,12.0,0.19666666666666666,"[-15.0, -10.0, -10.0]"
,167,Rock'n'Roll-Main Class Contact Style,First round,2,494,Acro 2,6.24,12.0,0.52,"[0.0, -15.0, -5.0]"
,167,Rock'n'Roll-Main Class Contact Style,First round,2,494,Acro 3,6.24,12.0,0.52,"[-10.0, -15.0, 0.0]"
,167,Rock'n'Roll-Main Class Contact Style,First round,2,494,Acro 4,2.36,12.0,0.19666666666666666,"[-15.0, -15.0, -10.0]"
,167,Rock'n'Roll-Main Class Contact Style,First round,2,494,Acro 5,8.5,12.0,0.7083333333333334,"[-25.0, -10.0, -5.0]"
,167,Rock'n'Roll-Main Class Contact Style,First round,2,494,Acro 6,0.0,12.0,0.0,"[-1.0, -1.0, -1.0]"
,167,Rock'n'Roll-Main Class Contact Style,First round,2,28,Acro 1,7.07,12.0,0.5891666666666667,"[-10.0, -25.0, -25.0]"
,167,Rock'n'Roll-Main Class Contact Style,First round,2,28,Acro 2,6.24,12.0,0.52,"[-10.0, -25.0, -15.0]"
yes,167,Rock'n'Roll-Main Class Contact Style,First round,2,28,Acro 3,16.5,12.0,1.375,"[-25.0, -50.0, -10.0]"
,167,Rock'n'Roll-Main Class Contact Style,First round,2,28,Acro 4,8.16,12.0,0.68,"[-15.0, -35.0, -25.0]"
,167,Rock'n'Roll-Main Class Contact Style,First round,2,28,Acro 5,8.16,12.0,0.68,"[-15.0, -25.0, -35.0]"
,167,Rock'n'Roll-Main Class Contact Style,First round,2,28,Acro 6,0.0,12.0,0.0,"[-1.0, -1.0, -1.0]"
,167,Rock'n'Roll-Main Class Contact Style,First round,3,160,Acro 1,7.07,12.0,0.5891666666666667,"[-25.0, -25.0, -10.0]"
,167,Rock'n'Roll-Main Class Contact Style,First round,3,160,Acro 2,6.24,12.0,0.52,"[-25.0, -15.0, -10.0]"
,167,Rock'n'Roll-Main Class Contact Style,First round,3,160,Acro 3,0.0,12.0,0.0,"[-15.0, -15.0, -15.0]"
,167,Rock'n'Roll-Main Class Contact Style,First round,3,160,Acro 4,0.0,12.0,0.0,"[-25.0, -25.0, -25.0]"
,167,Rock'n'Roll-Main Class Contact Style,First round,3,160,Acro 5,4.71,12.0,0.3925,"[-15.0, -15.0, -5.0]"
,167,Rock'n'Roll-Main Class Contact Style,First round,3,160,Acro 6,0.0,12.0,0.0,"[-1.0, -1.0, -1.0]"
,167,Rock'n'Roll-Main Class Contact Style,First round,3,179,Acro 1,2.36,12.0,0.19666666666666666,"[-10.0, -10.0, -5.0]"
,167,Rock'n'Roll-Main Class Contact Style,First round,3,179,Acro 2,8.5,12.0,0.7083333333333334,"[-25.0, -10.0, -5.0]"
,167,Rock'n'Roll-Main Class Contact Style,First round,3,179,Acro 3,2.36,12.0,0.19666666666666666,"[-10.0, -10.0, -5.0]"
,167,Rock'n'Roll-Main Class Contact Style,First round,3,179,Acro 4,2.36,12.0,0.19666666666666666,"[-15.0, -10.0, -10.0]"
,167,Rock'n'Roll-Main Class Contact Style,First round,3,179,Acro 5,8.16,12.0,0.68,"[-25.0, -15.0, -5.0]"
,167,Rock'n'Roll-Main Class Contact Style,First round,3,179,Acro 6,0.0,12.0,0.0,"[-1.0, -1.0, -1.0]"
,167,Rock'n'Roll-Main Class Contact Style,First round,4,283,Acro 1,7.07,12.0,0.5891666666666667,"[-50.0, -50.0, -35.0]"
,167,Rock'n'Roll-Main Class Contact Style,First round,4,283,Acro 2,4.71,12.0,0.3925,"[-25.0, -25.0, -15.0]"
,167,Rock'n'Roll-Main Class Contact Style,First round,4,283,Acro 3,8.16,12.0,0.68,"[-25.0, -15.0, -5.0]"
,167,Rock'n'Roll-Main Class Contact Style,First round,4,283,Acro 4,2.36,12.0,0.19666666666666666,"[-15.0, -10.0, -10.0]"
yes,167,Rock'n'Roll-Main Class Contact Style,First round,4,283,Acro 5,14.72,12.0,1.2266666666666668,"[-25.0, -50.0, -15.0]"
,167,Rock'n'Roll-Main Class Contact Style,First round,4,283,Acro 6,0.0,12.0,0.0,"[-1.0, -1.0, -1.0]"
,167,Rock'n'Roll-Main Class Contact Style,Final - Acrobatic,1,160,Acro 1,0.0,12.0,0.0,"[-10.0, -10.0, -10.0]"
,167,Rock'n'Roll-Main Class Contact Style,Final - Acrobatic,1,160,Acro 2,2.36,12.0,0.19666666666666666,"[-15.0, -10.0, -10.0]"
,167,Rock'n'Roll-Main Class Contact Style,Final - Acrobatic,1,160,Acro 3,2.36,12.0,0.19666666666666666,"[-10.0, -10.0, -5.0]"
,167,Rock'n'Roll-Main Class Contact Style,Final - Acrobatic,1,160,Acro 4,4.08,12.0,0.34,"[-15.0, -5.0, -10.0]"
,167,Rock'n'Roll-Main Class Contact Style,Final - Acrobatic,1,160,Acro 5,4.71,12.0,0.3925,"[-25.0, -15.0, -15.0]"
,167,Rock'n'Roll-Main Class Contact Style,Final - Acrobatic,1,160,Acro 6,2.36,12.0,0.19666666666666666,"[-10.0, -10.0, -5.0]"
,167,Rock'n'Roll-Main Class Contact Style,Final - Acrobatic,2,495,Acro 1,2.36,12.0,0.19666666666666666,"[-15.0, -10.0, -10.0]"
,167,Rock'n'Roll-Main Class Contact Style,Final - Acrobatic,2,495,Acro 2,0.0,12.0,0.0,"[-10.0, -10.0, -10.0]"
,167,Rock'n'Roll-Main Class Contact Style,Final - Acrobatic,2,495,Acro 3,2.36,12.0,0.19666666666666666,"[-15.0, -15.0, -10.0]"
,167,Rock'n'Roll-Main Class Contact Style,Final - Acrobatic,2,495,Acro 4,6.24,12.0,0.52,"[-25.0, -15.0, -10.0]"
,167,Rock'n'Roll-Main Class Contact Style,Final - Acrobatic,2,495,Acro 5,6.24,12.0,0.52,"[-15.0, -10.0, 0.0]"
,167,Rock'n'Roll-Main Class Contact Style,Final - Acrobatic,2,495,Acro 6,7.07,12.0,0.5891666666666667,"[-25.0, -10.0, -10.0]"
,167,Rock'n'Roll-Main Class Contact Style,Final - Acrobatic,3,179,Acro 1,2.36,12.0,0.19666666666666666,"[-10.0, -5.0, -5.0]"
,167,Rock'n'Roll-Main Class Contact Style,Final - Acrobatic,3,179,Acro 2,4.71,12.0,0.3925,"[0.0, -10.0, -10.0]"
yes,167,Rock'n'Roll-Main Class Contact Style,Final - Acrobatic,3,179,Acro 3,14.14,12.0,1.1783333333333335,"[-35.0, -5.0, -5.0]"
,167,Rock'n'Roll-Main Class Contact Style,Final - Acrobatic,3,179,Acro 4,6.24,12.0,0.52,"[-25.0, -10.0, -15.0]"
,167,Rock'n'Roll-Main Class Contact Style,Final - Acrobatic,3,179,Acro 5,2.36,12.0,0.19666666666666666,"[-15.0, -10.0, -10.0]"
,167,Rock'n'Roll-Main Class Contact Style,Final - Acrobatic,3,179,Acro 6,6.24,12.0,0.52,"[-25.0, -10.0, -15.0]"
,167,Rock'n'Roll-Main Class Contact Style,Final - Acrobatic,4,494,Acro 1,2.36,12.0,0.19666666666666666,"[-10.0, -10.0, -5.0]"
,167,Rock'n'Roll-Main Class Contact Style,Final - Acrobatic,4,494,Acro 2,0.0,12.0,0.0,"[-10.0, -10.0, -10.0]"
,167,Rock'n'Roll-Main Class Contact Style,Final - Acrobatic,4,494,Acro 3,2.36,12.0,0.19666666666666666,"[-10.0, -15.0, -10.0]"
,167,Rock'n'Roll-Main Class Contact Style,Final - Acrobatic,4,494,Acro 4,2.36,12.0,0.19666666666666666,"[-15.0, -10.0, -10.0]"
,167,Rock'n'Roll-Main Class Contact Style,Final - Acrobatic,4,494,Acro 5,6.24,12.0,0.52,"[-10.0, -25.0, -15.0]"
,167,Rock'n'Roll-Main Class Contact Style,Final - Acrobatic,4,494,Acro 6,0.0,12.0,0.0,"[-75.0, -75.0, -75.0]"
,167,Rock'n'Roll-Main Class Contact Style,Final - Acrobatic,5,28,Acro 1,4.71,12.0,0.3925,"[-25.0, -25.0, -15.0]"
,167,Rock'n'Roll-Main Class Contact Style,Final - Acrobatic,5,28,Acro 2,7.07,12.0,0.5891666666666667,"[-10.0, -25.0, -10.0]"
,167,Rock'n'Roll-Main Class Contact Style,Final - Acrobatic,5,28,Acro 3,2.36,12.0,0.19666666666666666,"[-10.0, -15.0, -10.0]"
,167,Rock'n'Roll-Main Class Contact Style,Final - Acrobatic,5,28,Acro 4,10.27,12.0,0.8558333333333333,"[-25.0, -50.0, -35.0]"
,167,Rock'n'Roll-Main Class Contact Style,Final - Acrobatic,5,28,Acro 5,8.16,12.0,0.68,"[-5.0, -25.0, -15.0]"
,167,Rock'n'Roll-Main Class Contact Style,Final - Acrobatic,5,28,Acro 6,6.24,12.0,0.52,"[-10.0, -15.0, -25.0]"
,167,Rock'n'Roll-Main Class Contact Style,Final - Acrobatic,6,430,Acro 1,2.36,12.0,0.19666666666666666,"[-10.0, -10.0, -5.0]"
,167,Rock'n'Roll-Main Class Contact Style,Final - Acrobatic,6,430,Acro 2,4.08,12.0,0.34,"[-15.0, -10.0, -5.0]"
,167,Rock'n'Roll-Main Class Contact Style,Final - Acrobatic,6,430,Acro 3,2.36,12.0,0.19666666666666666,"[-10.0, -5.0, -5.0]"
yes,167,Rock'n'Roll-Main Class Contact Style,Final - Acrobatic,6,430,Acro 4,30.64,12.0,2.5533333333333332,"[-10.0, -10.0, -75.0]"
,167,Rock'n'Roll-Main Class Contact Style,Final - Acrobatic,6,430,Acro 5,4.71,12.0,0.3925,"[-35.0, -35.0, -25.0]"
,167,Rock'n'Roll-Main Class Contact Style,Final - Acrobatic,6,430,Acro 6,8.5,12.0,0.7083333333333334,"[-25.0, -10.0, -5.0]"
,167,Rock'n'Roll-Main Class Free Style,Final - Acrobatic,1,222,Acro 1,7.07,12.0,0.5891666666666667,"[-50.0, -50.0, -35.0]"
,167,Rock'n'Roll-Main Class Free Style,Final - Acrobatic,1,222,Acro 2,2.36,12.0,0.19666666666666666,"[-10.0, -10.0, -15.0]"
,167,Rock'n'Roll-Main Class Free Style,Final - Acrobatic,1,222,Acro 3,9.43,12.0,0.7858333333333333,"[-15.0, -35.0, -15.0]"
,167,Rock'n'Roll-Main Class Free Style,Final - Acrobatic,1,222,Acro 4,6.24,12.0,0.52,"[-15.0, -25.0, -10.0]"
,167,Rock'n'Roll-Main Class Free Style,Final - Acrobatic,1,222,Acro 5,0.0,12.0,0.0,"[-35.0, -35.0, -35.0]"
,167,Rock'n'Roll-Main Class Free Style,Final - Acrobatic,1,222,Acro 6,0.0,12.0,0.0,"[-35.0, -35.0, -35.0]"
,167,Rock'n'Roll-Main Class Free Style,Final - Acrobatic,2,63,Acro 1,0.0,12.0,0.0,"[-15.0, -15.0, -15.0]"
,167,Rock'n'Roll-Main Class Free Style,Final - Acrobatic,2,63,Acro 2,7.07,12.0,0.5891666666666667,"[-25.0, -25.0, -10.0]"
,167,Rock'n'Roll-Main Class Free Style,Final - Acrobatic,2,63,Acro 3,8.16,12.0,0.68,"[-35.0, -15.0, -25.0]"
,167,Rock'n'Roll-Main Class Free Style,Final - Acrobatic,2,63,Acro 4,9.43,12.0,0.7858333333333333,"[-15.0, -35.0, -35.0]"
,167,Rock'n'Roll-Main Class Free Style,Final - Acrobatic,2,63,Acro 5,2.36,12.0,0.19666666666666666,"[-15.0, -10.0, -15.0]"
,167,Rock'n'Roll-Main Class Free Style,Final - Acrobatic,2,63,Acro 6,11.79,12.0,0.9824999999999999,"[-75.0, -75.0, -100.0]"
