rt_id,Judge,Type,Category,Round,Heat,Stn,stanica,FW,FM,DF,CO,sm,bm,turnir,krit,val1,val2,val3,Acro 1,Acro 2,Acro 3,Acro 4,Acro 5,Acro 6,Acro 7,Acro 8
2104,A,,Rock'n'Roll-Beginners,Final,1,290,1,-25,6.5,12.5,9,0,0,175,DF,2,1.5,1.5,0,0,0,0,0,0,-1,-1
2104,A,,Rock'n'Roll-Beginners,Final,1,290,1,-25,6.5,12.5,9,0,0,175,CO,2,1,1.5,0,0,0,0,0,0,-1,-1
2104,A,,Rock'n'Roll-Beginners,Final,2,114,1,-35,6.5,12.5,8,0,0,175,CO,1.5,1.5,1,0,0,0,0,0,0,-1,-1
2104,A,,Rock'n'Roll-Beginners,Final,2,114,1,-35,6.5,12.5,8,0,0,175,DF,1.5,1.5,2,0,0,0,0,0,0,-1,-1
2104,A,,Rock'n'Roll-Beginners,Final,3,293,1,-50,6.5,11.25,8,0,0,175,CO,1.5,1.5,1,0,0,0,0,0,0,-1,-1
2104,A,,Rock'n'Roll-Beginners,Final,3,293,1,-50,6.5,11.25,8,0,0,175,DF,1.5,1.5,1.5,0,0,0,0,0,0,-1,-1
2104,A,,Rock'n'Roll-Beginners,Final,4,6,1,-50,5,7.5,7,0,0,175,CO,1,1.5,1,0,0,0,0,0,0,-1,-1
2104,A,,Rock'n'Roll-Beginners,Final,4,6,1,-50,5,7.5,7,0,0,175,DF,1,1,1,0,0,0,0,0,0,-1,-1
2104,A,,Rock'n'Roll-Beginners,Final,5,289,1,-25,7.5,12.5,10,0,0,175,CO,1.5,2,1.5,0,0,0,0,0,0,-1,-1
2104,A,,Rock'n'Roll-Beginners,Final,5,289,1,-25,7.5,12.5,10,0,0,175,DF,1.5,1.5,2,0,0,0,0,0,0,-1,-1
2104,B,,Rock'n'Roll-Beginners,Final,1,290,2,-50,5,10,6,0,0,175,CO,1,1,1,0,0,0,0,0,0,-1,-1
2104,B,,Rock'n'Roll-Beginners,Final,1,290,2,-50,5,10,6,0,0,175,DF,1.5,1,1.5,0,0,0,0,0,0,-1,-1
2104,B,,Rock'n'Roll-Beginners,Final,2,114,2,-35,6.5,10,6,0,0,175,CO,1,1,1,0,0,0,0,0,0,-1,-1
2104,B,,Rock'n'Roll-Beginners,Final,2,114,2,-35,6.5,10,6,0,0,175,DF,1,1.5,1.5,0,0,0,0,0,0,-1,-1
2104,B,,Rock'n'Roll-Beginners,Final,3,293,2,-35,6.5,11.25,8,0,0,175,DF,1.5,1.5,1.5,0,0,0,0,0,0,-1,-1
2104,B,,Rock'n'Roll-Beginners,Final,3,293,2,-35,6.5,11.25,8,0,0,175,CO,1.5,1.5,1,0,0,0,0,0,0,-1,-1
2104,B,,Rock'n'Roll-Beginners,Final,4,6,2,-50,5,7.5,5,0,0,175,CO,1,1,0.5,0,0,0,0,0,0,-1,-1
2104,B,,Rock'n'Roll-Beginners,Final,4,6,2,-50,5,7.5,5,0,0,175,DF,1,1,1,0,0,0,0,0,0,-1,-1
2104,B,,Rock'n'Roll-Beginners,Final,5,289,2,-15,7.5,11.25,10,0,0,175,CO,1.5,2,1.5,0,0,0,0,0,0,-1,-1
2104,B,,Rock'n'Roll-Beginners,Final,5,289,2,-15,7.5,11.25,10,0,0,175,DF,1.5,1.5,1.5,0,0,0,0,0,0,-1,-1
2104,C,,Rock'n'Roll-Beginners,Final,1,290,3,-25,7.5,10,7,0,0,175,CO,1,1,1.5,0,0,0,0,0,0,-1,-1
2104,C,,Rock'n'Roll-Beginners,Final,1,290,3,-25,7.5,10,7,0,0,175,DF,1,1.5,1.5,0,0,0,0,0,0,-1,-1
2104,C,,Rock'n'Roll-Beginners,Final,2,114,3,-35,5,10,6,0,0,175,CO,1,1,1,0,0,0,0,0,0,-1,-1
2104,C,,Rock'n'Roll-Beginners,Final,2,114,3,-35,5,10,6,0,0,175,DF,1.5,1,1.5,0,0,0,0,0,0,-1,-1
2104,C,,Rock'n'Roll-Beginners,Final,3,293,3,-25,6.5,10,8,0,0,175,CO,1,1.5,1.5,0,0,0,0,0,0,-1,-1
2104,C,,Rock'n'Roll-Beginners,Final,3,293,3,-25,6.5,10,8,0,0,175,DF,1.5,1,1.5,0,0,0,0,0,0,-1,-1
2104,C,,Rock'n'Roll-Beginners,Final,4,6,3,-35,5,6.25,6,0,0,175,CO,1,1,1,0,0,0,0,0,0,-1,-1
2104,C,,Rock'n'Roll-Beginners,Final,4,6,3,-35,5,6.25,6,0,0,175,DF,0.5,1,1,0,0,0,0,0,0,-1,-1
2104,C,,Rock'n'Roll-Beginners,Final,5,289,3,-25,7.5,11.25,10,0,0,175,CO,1.5,1.5,2,0,0,0,0,0,0,-1,-1
2104,C,,Rock'n'Roll-Beginners,Final,5,289,3,-25,7.5,11.25,10,0,0,175,DF,1.5,1.5,1.5,0,0,0,0,0,0,-1,-1
2104,D,,Rock'n'Roll-Beginners,Final,1,290,4,-25,7.5,15,11,0,0,175,CO,2,1,2.5,0,0,0,0,0,0,-1,-1
2104,D,,Rock'n'Roll-Beginners,Final,1,290,4,-25,7.5,15,11,0,0,175,DF,2,2,2,0,0,0,0,0,0,-1,-1
2104,D,,Rock'n'Roll-Beginners,Final,2,114,4,-35,8.5,11.25,8,0,0,175,CO,1.5,1,1.5,0,0,0,0,0,0,-1,-1
2104,D,,Rock'n'Roll-Beginners,Final,2,114,4,-35,8.5,11.25,8,0,0,175,DF,1.5,1.5,1.5,0,0,0,0,0,0,-1,-1
2104,D,,Rock'n'Roll-Beginners,Final,3,293,4,-35,7.5,12.5,11,0,0,175,CO,2,1.5,2,0,0,0,0,0,0,-1,-1
2104,D,,Rock'n'Roll-Beginners,Final,3,293,4,-35,7.5,12.5,11,0,0,175,DF,1.5,1.5,2,0,0,0,0,0,0,-1,-1
2104,D,,Rock'n'Roll-Beginners,Final,4,6,4,-25,8.5,13.75,9,0,0,175,CO,1.5,1.5,1.5,0,0,0,0,0,0,-1,-1
2104,D,,Rock'n'Roll-Beginners,Final,4,6,4,-25,8.5,13.75,9,0,0,175,DF,1.5,2,2,0,0,0,0,0,0,-1,-1
2104,D,,Rock'n'Roll-Beginners,Final,5,289,4,-25,7.5,15,13,0,0,175,CO,2,2.5,2,0,0,0,0,0,0,-1,-1
2104,D,,Rock'n'Roll-Beginners,Final,5,289,4,-25,7.5,15,13,0,0,175,DF,2,2,2,0,0,0,0,0,0,-1,-1
2104,E,,Rock'n'Roll-Beginners,Final,1,290,5,-50,5,7.5,6,0,0,175,CO,1.5,0.5,1,0,0,0,0,0,0,-1,-1
2104,E,,Rock'n'Roll-Beginners,Final,1,290,5,-50,5,7.5,6,0,0,175,DF,1,1,1,0,0,0,0,0,0,-1,-1
2104,E,,Rock'n'Roll-Beginners,Final,2,114,5,-35,6.5,8.75,5,0,0,175,DF,1.5,1,1,0,0,0,0,0,0,-1,-1
2104,E,,Rock'n'Roll-Beginners,Final,2,114,5,-35,6.5,8.75,5,0,0,175,CO,1.5,0.5,0.5,0,0,0,0,0,0,-1,-1
2104,E,,Rock'n'Roll-Beginners,Final,3,293,5,-50,6.5,8.75,6,0,0,175,CO,1,1,1,0,0,0,0,0,0,-1,-1
2104,E,,Rock'n'Roll-Beginners,Final,3,293,5,-50,6.5,8.75,6,0,0,175,DF,1.5,1,1,0,0,0,0,0,0,-1,-1
2104,E,,Rock'n'Roll-Beginners,Final,4,6,5,-50,5,3.75,3,0,0,175,CO,0.5,0.5,0.5,0,0,0,0,0,0,-1,-1
2104,E,,Rock'n'Roll-Beginners,Final,4,6,5,-50,5,3.75,3,0,0,175,DF,0,1,0.5,0,0,0,0,0,0,-1,-1
2104,E,,Rock'n'Roll-Beginners,Final,5,289,5,-35,6.5,7.5,7,0,0,175,CO,1,1.5,1,0,0,0,0,0,0,-1,-1
2104,E,,Rock'n'Roll-Beginners,Final,5,289,5,-35,6.5,7.5,7,0,0,175,DF,1,1,1,0,0,0,0,0,0,-1,-1
2104,F,,Rock'n'Roll-Beginners,Final,1,290,6,-25,6.5,10,6,0,0,175,CO,1,1,1,0,0,0,0,0,0,-1,-1
2104,F,,Rock'n'Roll-Beginners,Final,1,290,6,-25,6.5,10,6,0,0,175,DF,1.5,1.5,1,0,0,0,0,0,0,-1,-1
2104,F,,Rock'n'Roll-Beginners,Final,2,114,6,-35,7.5,13.75,10,0,0,175,CO,1.5,2,1.5,0,0,0,0,0,0,-1,-1
2104,F,,Rock'n'Roll-Beginners,Final,2,114,6,-35,7.5,13.75,10,0,0,175,DF,2,2,1.5,0,0,0,0,0,0,-1,-1
2104,F,,Rock'n'Roll-Beginners,Final,3,293,6,-35,5,10,7,0,0,175,CO,1,1.5,1,0,0,0,0,0,0,-1,-1
2104,F,,Rock'n'Roll-Beginners,Final,3,293,6,-35,5,10,7,0,0,175,DF,1.5,1,1.5,0,0,0,0,0,0,-1,-1
2104,F,,Rock'n'Roll-Beginners,Final,4,6,6,-35,5,8.75,6,0,0,175,CO,1,1,1,0,0,0,0,0,0,-1,-1
2104,F,,Rock'n'Roll-Beginners,Final,4,6,6,-35,5,8.75,6,0,0,175,DF,1,1.5,1,0,0,0,0,0,0,-1,-1
2104,F,,Rock'n'Roll-Beginners,Final,5,289,6,-25,6.5,8.75,7,0,0,175,CO,1,1.5,1,0,0,0,0,0,0,-1,-1
2104,F,,Rock'n'Roll-Beginners,Final,5,289,6,-25,6.5,8.75,7,0,0,175,DF,1,1.5,1,0,0,0,0,0,0,-1,-1
2104,G,,Rock'n'Roll-Beginners,Final,1,290,7,-50,6.5,11.25,9,0,0,175,CO,2,1,1.5,0,0,0,0,0,0,-1,-1
2104,G,,Rock'n'Roll-Beginners,Final,1,290,7,-50,6.5,11.25,9,0,0,175,DF,1.5,1.5,1.5,0,0,0,0,0,0,-1,-1
2104,G,,Rock'n'Roll-Beginners,Final,2,114,7,-50,6.5,11.25,8,0,0,175,CO,1.5,1,1.5,0,0,0,0,0,0,-1,-1
2104,G,,Rock'n'Roll-Beginners,Final,2,114,7,-50,6.5,11.25,8,0,0,175,DF,1.5,1.5,1.5,0,0,0,0,0,0,-1,-1
2104,G,,Rock'n'Roll-Beginners,Final,3,293,7,-35,5,11.25,9,0,0,175,CO,1.5,1.5,1.5,0,0,0,0,0,0,-1,-1
2104,G,,Rock'n'Roll-Beginners,Final,3,293,7,-35,5,11.25,9,0,0,175,DF,1.5,1,2,0,0,0,0,0,0,-1,-1
2104,G,,Rock'n'Roll-Beginners,Final,4,6,7,-50,2.5,7.5,8,-2,0,175,DF,0.5,1,1.5,0,0,0,0,0,0,-1,-1
2104,G,,Rock'n'Roll-Beginners,Final,4,6,7,-50,2.5,7.5,8,-2,0,175,CO,1,1.5,1.5,0,0,0,0,0,0,-1,-1
2104,G,,Rock'n'Roll-Beginners,Final,5,289,7,-35,6.5,10,10,0,0,175,CO,1.5,2,1.5,0,0,0,0,0,0,-1,-1
2104,G,,Rock'n'Roll-Beginners,Final,5,289,7,-35,6.5,10,10,0,0,175,DF,1.5,1,1.5,0,0,0,0,0,0,-1,-1
2105,A,,Rock'n'Roll-Juveniles,First round,1,182,1,-25,7.5,16.25,9,0,0,175,CO,2,1.5,1,0,0,0,0,0,0,-1,-1
2105,A,,Rock'n'Roll-Juveniles,First round,1,182,1,-25,7.5,16.25,9,0,0,175,DF,2,2,2.5,0,0,0,0,0,0,-1,-1
2105,A,,Rock'n'Roll-Juveniles,First round,1,192,1,-35,6.5,12.5,8,0,0,175,CO,1.5,1.5,1,0,0,0,0,0,0,-1,-1
2105,A,,Rock'n'Roll-Juveniles,First round,1,192,1,-35,6.5,12.5,8,0,0,175,DF,1.5,1.5,2,0,0,0,0,0,0,-1,-1
2105,A,,Rock'n'Roll-Juveniles,First round,2,27,1,-25,7.5,12.5,9,0,0,175,CO,1.5,2,1,0,0,0,0,0,0,-1,-1
2105,A,,Rock'n'Roll-Juveniles,First round,2,27,1,-25,7.5,12.5,9,0,0,175,DF,1.5,1.5,2,0,0,0,0,0,0,-1,-1
2105,A,,Rock'n'Roll-Juveniles,First round,2,193,1,-15,6.5,13.75,8,0,0,175,CO,1.5,1.5,1,0,0,0,0,0,0,-1,-1
2105,A,,Rock'n'Roll-Juveniles,First round,2,193,1,-15,6.5,13.75,8,0,0,175,DF,2,1.5,2,0,0,0,0,0,0,-1,-1
2105,A,,Rock'n'Roll-Juveniles,First round,3,134,1,-10,8.5,15,9,0,0,175,DF,2,2,2,0,0,0,0,0,0,-1,-1
2105,A,,Rock'n'Roll-Juveniles,First round,3,57,1,-35,6.5,13.75,8,0,0,175,CO,1.5,1.5,1,0,0,0,0,0,0,-1,-1
2105,A,,Rock'n'Roll-Juveniles,First round,3,57,1,-35,6.5,13.75,8,0,0,175,DF,2,1.5,2,0,0,0,0,0,0,-1,-1
2105,A,,Rock'n'Roll-Juveniles,First round,3,134,1,-10,8.5,15,9,0,0,175,CO,2,1.5,1,0,0,0,0,0,0,-1,-1
2105,A,,Rock'n'Roll-Juveniles,First round,4,3,1,-25,7.5,11.25,9,0,0,175,DF,1.5,1.5,1.5,0,0,0,0,0,0,-1,-1
2105,A,,Rock'n'Roll-Juveniles,First round,4,3,1,-25,7.5,11.25,9,0,0,175,CO,1.5,2,1,0,0,0,0,0,0,-1,-1
2105,B,,Rock'n'Roll-Juveniles,First round,1,182,2,-15,8.5,13.75,9,0,0,175,CO,1.5,1.5,1.5,0,0,0,0,0,0,-1,-1
2105,B,,Rock'n'Roll-Juveniles,First round,1,182,2,-15,8.5,13.75,9,0,0,175,DF,1.5,2,2,0,0,0,0,0,0,-1,-1
2105,B,,Rock'n'Roll-Juveniles,First round,1,192,2,-75,7.5,5,5,0,0,175,CO,1,1,0.5,0,0,0,0,0,0,-1,-1
2105,B,,Rock'n'Roll-Juveniles,First round,1,192,2,-75,7.5,5,5,0,0,175,DF,1,0.5,0.5,0,0,0,0,0,0,-1,-1
2105,B,,Rock'n'Roll-Juveniles,First round,2,27,2,-35,7.5,11.25,7,0,0,175,CO,1.5,1,1,0,0,0,0,0,0,-1,-1
2105,B,,Rock'n'Roll-Juveniles,First round,2,27,2,-35,7.5,11.25,7,0,0,175,DF,1.5,1.5,1.5,0,0,0,0,0,0,-1,-1
2105,B,,Rock'n'Roll-Juveniles,First round,2,193,2,-25,6.5,8.75,6,0,0,175,CO,1,1,1,0,0,0,0,0,0,-1,-1
2105,B,,Rock'n'Roll-Juveniles,First round,2,193,2,-25,6.5,8.75,6,0,0,175,DF,1,1,1.5,0,0,0,0,0,0,-1,-1
2105,B,,Rock'n'Roll-Juveniles,First round,3,134,2,-15,8.5,10,8,0,0,175,DF,1,1.5,1.5,0,0,0,0,0,0,-1,-1
2105,B,,Rock'n'Roll-Juveniles,First round,3,57,2,-35,6.5,8.75,8,0,0,175,CO,1.5,1,1.5,0,0,0,0,0,0,-1,-1
2105,B,,Rock'n'Roll-Juveniles,First round,3,57,2,-35,6.5,8.75,8,0,0,175,DF,1,1,1.5,0,0,0,0,0,0,-1,-1
2105,B,,Rock'n'Roll-Juveniles,First round,3,134,2,-15,8.5,10,8,0,0,175,CO,1.5,1.5,1,0,0,0,0,0,0,-1,-1
2105,B,,Rock'n'Roll-Juveniles,First round,4,3,2,-50,5,10,6,-2,0,175,CO,1,1,1,0,0,0,0,0,0,-1,-1
2105,B,,Rock'n'Roll-Juveniles,First round,4,3,2,-50,5,10,6,-2,0,175,DF,1,1.5,1.5,0,0,0,0,0,0,-1,-1
2105,C,,Rock'n'Roll-Juveniles,First round,1,182,3,-25,7.5,10,8,0,0,175,CO,1,1.5,1.5,0,0,0,0,0,0,-1,-1
2105,C,,Rock'n'Roll-Juveniles,First round,1,182,3,-25,7.5,10,8,0,0,175,DF,1,1.5,1.5,0,0,0,0,0,0,-1,-1
2105,C,,Rock'n'Roll-Juveniles,First round,1,192,3,-25,6.5,7.5,7,0,0,175,CO,1,1.5,1,0,0,0,0,0,0,-1,-1
2105,C,,Rock'n'Roll-Juveniles,First round,1,192,3,-25,6.5,7.5,7,0,0,175,DF,1,1,1,0,0,0,0,0,0,-1,-1
2105,C,,Rock'n'Roll-Juveniles,First round,2,27,3,-15,7.5,10,9,0,0,175,CO,1,2,1.5,0,0,0,0,0,0,-1,-1
2105,C,,Rock'n'Roll-Juveniles,First round,2,27,3,-15,7.5,10,9,0,0,175,DF,1,1.5,1.5,0,0,0,0,0,0,-1,-1
2105,C,,Rock'n'Roll-Juveniles,First round,2,193,3,-25,6.5,8.75,7,0,0,175,CO,1,1.5,1,0,0,0,0,0,0,-1,-1
2105,C,,Rock'n'Roll-Juveniles,First round,2,193,3,-25,6.5,8.75,7,0,0,175,DF,1,1,1.5,0,0,0,0,0,0,-1,-1
2105,C,,Rock'n'Roll-Juveniles,First round,3,134,3,-15,7.5,11.25,10,0,0,175,DF,1.5,1.5,1.5,0,0,0,0,0,0,-1,-1
2105,C,,Rock'n'Roll-Juveniles,First round,3,57,3,-25,7.5,8.75,8,0,0,175,CO,1,1.5,1.5,0,0,0,0,0,0,-1,-1
2105,C,,Rock'n'Roll-Juveniles,First round,3,57,3,-25,7.5,8.75,8,0,0,175,DF,1,1.5,1,0,0,0,0,0,0,-1,-1
2105,C,,Rock'n'Roll-Juveniles,First round,3,134,3,-15,7.5,11.25,10,0,0,175,CO,1.5,1.5,2,0,0,0,0,0,0,-1,-1
2105,C,,Rock'n'Roll-Juveniles,First round,4,3,3,-15,7.5,11.25,9,0,0,175,DF,1.5,1.5,1.5,0,0,0,0,0,0,-1,-1
2105,C,,Rock'n'Roll-Juveniles,First round,4,3,3,-15,7.5,11.25,9,0,0,175,CO,1.5,1.5,1.5,0,0,0,0,0,0,-1,-1
2105,D,,Rock'n'Roll-Juveniles,First round,1,182,4,-15,8.5,15,10,0,0,175,CO,2,1.5,1.5,0,0,0,0,0,0,-1,-1
2105,D,,Rock'n'Roll-Juveniles,First round,1,182,4,-15,8.5,15,10,0,0,175,DF,2,2,2,0,0,0,0,0,0,-1,-1
2105,D,,Rock'n'Roll-Juveniles,First round,1,192,4,-35,7.5,8.75,7,0,0,175,CO,1.5,1,1,0,0,0,0,0,0,-1,-1
2105,D,,Rock'n'Roll-Juveniles,First round,1,192,4,-35,7.5,8.75,7,0,0,175,DF,1,1,1.5,0,0,0,0,0,0,-1,-1
2105,D,,Rock'n'Roll-Juveniles,First round,2,27,4,-25,6.5,11.25,10,0,0,175,CO,1.5,1.5,2,0,0,0,0,0,0,-1,-1
2105,D,,Rock'n'Roll-Juveniles,First round,2,27,4,-25,6.5,11.25,10,0,0,175,DF,1.5,1.5,1.5,0,0,0,0,0,0,-1,-1
2105,D,,Rock'n'Roll-Juveniles,First round,2,193,4,-15,8.5,15,12,0,0,175,CO,2,2,2,0,0,0,0,0,0,-1,-1
2105,D,,Rock'n'Roll-Juveniles,First round,2,193,4,-15,8.5,15,12,0,0,175,DF,2,2,2,0,0,0,0,0,0,-1,-1
2105,D,,Rock'n'Roll-Juveniles,First round,3,134,4,-15,9,13.75,12,0,0,175,CO,2,2,2,0,0,0,0,0,0,-1,-1
2105,D,,Rock'n'Roll-Juveniles,First round,3,134,4,-15,9,13.75,12,0,0,175,DF,2,1.5,2,0,0,0,0,0,0,-1,-1
2105,D,,Rock'n'Roll-Juveniles,First round,3,57,4,-5,9.5,15,11,0,0,175,DF,2,2,2,0,0,0,0,0,0,-1,-1
2105,D,,Rock'n'Roll-Juveniles,First round,3,57,4,-5,9.5,15,11,0,0,175,CO,2,1.5,2,0,0,0,0,0,0,-1,-1
2105,D,,Rock'n'Roll-Juveniles,First round,4,3,4,-25,6.5,13.75,8,0,0,175,DF,2,1.5,2,0,0,0,0,0,0,-1,-1
2105,D,,Rock'n'Roll-Juveniles,First round,4,3,4,-25,6.5,13.75,8,0,0,175,CO,1.5,1,1.5,0,0,0,0,0,0,-1,-1
2105,E,,Rock'n'Roll-Juveniles,First round,1,182,5,-25,7.5,15,9,0,0,175,CO,2,1,1.5,0,0,0,0,0,0,-1,-1
2105,E,,Rock'n'Roll-Juveniles,First round,1,182,5,-25,7.5,15,9,0,0,175,DF,2,2,2,0,0,0,0,0,0,-1,-1
2105,E,,Rock'n'Roll-Juveniles,First round,1,192,5,-50,5,10,5,0,0,175,CO,1,0.5,1,0,0,0,0,0,0,-1,-1
2105,E,,Rock'n'Roll-Juveniles,First round,1,192,5,-50,5,10,5,0,0,175,DF,1,1.5,1.5,0,0,0,0,0,0,-1,-1
2105,E,,Rock'n'Roll-Juveniles,First round,2,27,5,-35,6.5,11.25,9,0,0,175,CO,1.5,1.5,1.5,0,0,0,0,0,0,-1,-1
2105,E,,Rock'n'Roll-Juveniles,First round,2,27,5,-35,6.5,11.25,9,0,0,175,DF,1.5,1.5,1.5,0,0,0,0,0,0,-1,-1
2105,E,,Rock'n'Roll-Juveniles,First round,2,193,5,-35,6.5,8.75,4,0,0,175,CO,0.5,0.5,1,0,0,0,0,0,0,-1,-1
2105,E,,Rock'n'Roll-Juveniles,First round,2,193,5,-35,6.5,8.75,4,0,0,175,DF,1,1.5,1,0,0,0,0,0,0,-1,-1
2105,E,,Rock'n'Roll-Juveniles,First round,3,134,5,-25,7.5,15,9,0,0,175,CO,2,1,1.5,0,0,0,0,0,0,-1,-1
2105,E,,Rock'n'Roll-Juveniles,First round,3,134,5,-25,7.5,15,9,0,0,175,DF,2,2,2,0,0,0,0,0,0,-1,-1
2105,E,,Rock'n'Roll-Juveniles,First round,3,57,5,-50,6.5,6.25,5,0,0,175,DF,0.5,1,1,0,0,0,0,0,0,-1,-1
2105,E,,Rock'n'Roll-Juveniles,First round,3,57,5,-50,6.5,6.25,5,0,0,175,CO,1,0.5,1,0,0,0,0,0,0,-1,-1
2105,E,,Rock'n'Roll-Juveniles,First round,4,3,5,-50,6.5,10,6,0,0,175,DF,1.5,1.5,1,0,0,0,0,0,0,-1,-1
2105,E,,Rock'n'Roll-Juveniles,First round,4,3,5,-50,6.5,10,6,0,0,175,CO,1.5,0.5,1,0,0,0,0,0,0,-1,-1
2105,F,,Rock'n'Roll-Juveniles,First round,1,182,6,-15,8.5,15,9,0,0,175,CO,1.5,1,2,0,0,0,0,0,0,-1,-1
2105,F,,Rock'n'Roll-Juveniles,First round,1,182,6,-15,8.5,15,9,0,0,175,DF,2,2.5,1.5,0,0,0,0,0,0,-1,-1
2105,F,,Rock'n'Roll-Juveniles,First round,1,192,6,-35,6.5,8.75,9,0,0,175,CO,1,2,1.5,0,0,0,0,0,0,-1,-1
2105,F,,Rock'n'Roll-Juveniles,First round,1,192,6,-35,6.5,8.75,9,0,0,175,DF,1,1,1.5,0,0,0,0,0,0,-1,-1
2105,F,,Rock'n'Roll-Juveniles,First round,2,27,6,-15,7.5,11.25,10,0,0,175,CO,1.5,1.5,2,0,0,0,0,0,0,-1,-1
2105,F,,Rock'n'Roll-Juveniles,First round,2,27,6,-15,7.5,11.25,10,0,0,175,DF,1.5,1.5,1.5,0,0,0,0,0,0,-1,-1
2105,F,,Rock'n'Roll-Juveniles,First round,2,193,6,-35,6.5,8.75,8,0,0,175,CO,1.5,1,1.5,0,0,0,0,0,0,-1,-1
2105,F,,Rock'n'Roll-Juveniles,First round,2,193,6,-35,6.5,8.75,8,0,0,175,DF,1.5,1,1,0,0,0,0,0,0,-1,-1
2105,F,,Rock'n'Roll-Juveniles,First round,3,57,6,-25,6.5,10,6,0,0,175,DF,1,1.5,1.5,0,0,0,0,0,0,-1,-1
2105,F,,Rock'n'Roll-Juveniles,First round,3,134,6,-10,8.5,10,11,0,0,175,CO,1.5,2,2,0,0,0,0,0,0,-1,-1
2105,F,,Rock'n'Roll-Juveniles,First round,3,57,6,-25,6.5,10,6,0,0,175,CO,1,1,1,0,0,0,0,0,0,-1,-1
2105,F,,Rock'n'Roll-Juveniles,First round,3,134,6,-10,8.5,10,11,0,0,175,DF,2,2,0,0,0,0,0,0,0,-1,-1
2105,F,,Rock'n'Roll-Juveniles,First round,4,3,6,-15,6.5,15,9,0,0,175,CO,1.5,1.5,1.5,0,0,0,0,0,0,-1,-1
2105,F,,Rock'n'Roll-Juveniles,First round,4,3,6,-15,6.5,15,9,0,0,175,DF,2,2,2,0,0,0,0,0,0,-1,-1
2105,G,,Rock'n'Roll-Juveniles,First round,1,182,7,-25,7.5,12.5,12,0,0,175,CO,2,2,2,0,0,0,0,0,0,-1,-1
2105,G,,Rock'n'Roll-Juveniles,First round,1,182,7,-25,7.5,12.5,12,0,0,175,DF,2,1.5,1.5,0,0,0,0,0,0,-1,-1
2105,G,,Rock'n'Roll-Juveniles,First round,1,192,7,-50,5,10,10,0,0,175,CO,2,1.5,1.5,0,0,0,0,0,0,-1,-1
2105,G,,Rock'n'Roll-Juveniles,First round,1,192,7,-50,5,10,10,0,0,175,DF,1.5,1,1.5,0,0,0,0,0,0,-1,-1
2105,G,,Rock'n'Roll-Juveniles,First round,2,27,7,-35,6.5,11.25,10,0,0,175,CO,1,2,2,0,0,0,0,0,0,-1,-1
2105,G,,Rock'n'Roll-Juveniles,First round,2,27,7,-35,6.5,11.25,10,0,0,175,DF,1.5,1.5,1.5,0,0,0,0,0,0,-1,-1
2105,G,,Rock'n'Roll-Juveniles,First round,2,193,7,-25,7.5,11.25,11,-2,0,175,CO,1.5,2,2,0,0,0,0,0,0,-1,-1
2105,G,,Rock'n'Roll-Juveniles,First round,2,193,7,-25,7.5,11.25,11,-2,0,175,DF,1.5,1.5,1.5,0,0,0,0,0,0,-1,-1
2105,G,,Rock'n'Roll-Juveniles,First round,3,134,7,-25,8.5,13.75,11,0,0,175,CO,2,1.5,2,0,0,0,0,0,0,-1,-1
2105,G,,Rock'n'Roll-Juveniles,First round,3,134,7,-25,8.5,13.75,11,0,0,175,DF,2,2,1.5,0,0,0,0,0,0,-1,-1
2105,G,,Rock'n'Roll-Juveniles,First round,3,57,7,-25,6.5,8.75,7,0,0,175,CO,1,1,1.5,0,0,0,0,0,0,-1,-1
2105,G,,Rock'n'Roll-Juveniles,First round,3,57,7,-25,6.5,8.75,7,0,0,175,DF,1,1.5,1,0,0,0,0,0,0,-1,-1
2105,G,,Rock'n'Roll-Juveniles,First round,4,3,7,-25,6.5,11.25,10,-2,0,175,CO,1.5,1.5,2,0,0,0,0,0,0,-1,-1
2105,G,,Rock'n'Roll-Juveniles,First round,4,3,7,-25,6.5,11.25,10,-2,0,175,DF,2,1,1.5,0,0,0,0,0,0,-1,-1
2106,A,,Rock'n'Roll-Kids,Final,1,299,1,-35,5,8.75,6,-2,0,175,CO,1,1,1,0,0,0,0,0,0,-1,-1
2106,A,,Rock'n'Roll-Kids,Final,1,299,1,-35,5,8.75,6,-2,0,175,DF,1,1,1.5,0,0,0,0,0,0,-1,-1
2106,A,,Rock'n'Roll-Kids,Final,2,131,1,-35,6.5,11.25,7,0,0,175,CO,1.5,1,1,0,0,0,0,0,0,-1,-1
2106,A,,Rock'n'Roll-Kids,Final,2,131,1,-35,6.5,11.25,7,0,0,175,DF,1.5,1.5,1.5,0,0,0,0,0,0,-1,-1
2106,B,,Rock'n'Roll-Kids,Final,1,299,2,-75,5,5,5,-2,0,175,CO,1,1,0.5,0,0,0,0,0,0,-1,-1
2106,B,,Rock'n'Roll-Kids,Final,1,299,2,-75,5,5,5,-2,0,175,DF,1,0.5,0.5,0,0,0,0,0,0,-1,-1
2106,B,,Rock'n'Roll-Kids,Final,2,131,2,-35,5,8.75,6,0,0,175,CO,1,1,1,0,0,0,0,0,0,-1,-1
2106,B,,Rock'n'Roll-Kids,Final,2,131,2,-35,5,8.75,6,0,0,175,DF,1,1,1.5,0,0,0,0,0,0,-1,-1
2106,C,,Rock'n'Roll-Kids,Final,1,299,3,-75,5,7.5,6,-2,0,175,DF,1,1,1,0,0,0,0,0,0,-1,-1
2106,C,,Rock'n'Roll-Kids,Final,1,299,3,-75,5,7.5,6,-2,0,175,CO,1,1,1,0,0,0,0,0,0,-1,-1
2106,C,,Rock'n'Roll-Kids,Final,2,131,3,-35,6.5,11.25,9,0,0,175,CO,1.5,1.5,1.5,0,0,0,0,0,0,-1,-1
2106,C,,Rock'n'Roll-Kids,Final,2,131,3,-35,6.5,11.25,9,0,0,175,DF,1,2,1.5,0,0,0,0,0,0,-1,-1
2106,D,,Rock'n'Roll-Kids,Final,1,299,4,-15,6.5,11.25,9,-2,0,175,CO,1.5,1.5,1.5,0,0,0,0,0,0,-1,-1
2106,D,,Rock'n'Roll-Kids,Final,1,299,4,-15,6.5,11.25,9,-2,0,175,DF,1.5,1.5,1.5,0,0,0,0,0,0,-1,-1
2106,D,,Rock'n'Roll-Kids,Final,2,131,4,-15,6.5,13.75,10,0,0,175,CO,1.5,2,1.5,0,0,0,0,0,0,-1,-1
2106,D,,Rock'n'Roll-Kids,Final,2,131,4,-15,6.5,13.75,10,0,0,175,DF,1.5,2,2,0,0,0,0,0,0,-1,-1
2106,E,,Rock'n'Roll-Kids,Final,1,299,5,-75,2.5,3.75,5,-2,0,175,CO,1,0.5,1,0,0,0,0,0,0,-1,-1
2106,E,,Rock'n'Roll-Kids,Final,1,299,5,-75,2.5,3.75,5,-2,0,175,DF,0.5,0.5,0.5,0,0,0,0,0,0,-1,-1
2106,E,,Rock'n'Roll-Kids,Final,2,131,5,-50,5,8.75,5,0,0,175,CO,1,0.5,1,0,0,0,0,0,0,-1,-1
2106,E,,Rock'n'Roll-Kids,Final,2,131,5,-50,5,8.75,5,0,0,175,DF,1,1,1.5,0,0,0,0,0,0,-1,-1
2106,F,,Rock'n'Roll-Kids,Final,1,299,6,-50,5,7.5,7,0,0,175,CO,1,1.5,1,0,0,0,0,0,0,-1,-1
2106,F,,Rock'n'Roll-Kids,Final,1,299,6,-50,5,7.5,7,0,0,175,DF,1,1,1,0,0,0,0,0,0,-1,-1
2106,F,,Rock'n'Roll-Kids,Final,2,131,6,-35,5,12.5,6,0,0,175,DF,1.5,2,1.5,0,0,0,0,0,0,-1,-1
2106,F,,Rock'n'Roll-Kids,Final,2,131,6,-35,5,12.5,6,0,0,175,CO,1,1,1,0,0,0,0,0,0,-1,-1
2106,G,,Rock'n'Roll-Kids,Final,1,299,7,-75,2.5,6.25,6,-8,0,175,DF,0.5,1,1,0,0,0,0,0,0,-1,-1
2106,G,,Rock'n'Roll-Kids,Final,1,299,7,-75,2.5,6.25,6,-8,0,175,CO,0.5,1,1.5,0,0,0,0,0,0,-1,-1
2106,G,,Rock'n'Roll-Kids,Final,2,131,7,-25,6.5,11.25,8,-2,0,175,CO,1.5,1,1.5,0,0,0,0,0,0,-1,-1
2106,G,,Rock'n'Roll-Kids,Final,2,131,7,-25,6.5,11.25,8,-2,0,175,DF,1.5,1.5,1.5,0,0,0,0,0,0,-1,-1
2107,A,,Rock'n'Roll-Juniors,Final,1,235,1,-10,8.5,14,12,-2,0,175,CO,2,1.5,2.5,0,0,0,0,0,3.25,-1,-1
2107,A,,Rock'n'Roll-Juniors,Final,1,235,1,-10,8.5,14,12,-2,0,175,CO,2,2,2.5,0,0,0,0,0,3.25,-1,-1
2107,A,,Rock'n'Roll-Juniors,Final,1,235,1,-10,8.5,14,12,-2,0,175,DF,2.5,2,2.5,0,0,0,0,0,3.25,-1,-1
2107,A,,Rock'n'Roll-Juniors,Final,2,491,1,-5,9.5,16,17,0,0,175,CO,2.5,3,3,0,0,0,0,0,4,-1,-1
2107,A,,Rock'n'Roll-Juniors,Final,2,491,1,-5,9.5,16,17,0,0,175,CO,3,2.5,2.5,0,0,0,0,0,4,-1,-1
2107,A,,Rock'n'Roll-Juniors,Final,2,491,1,-5,9.5,16,17,0,0,175,DF,2.5,3,2.5,0,0,0,0,0,4,-1,-1
2107,A,,Rock'n'Roll-Juniors,Final,3,78,1,-25,8.5,11,10,0,0,175,CO,1.5,2,2,0,0,0,0,0,2.75,-1,-1
2107,A,,Rock'n'Roll-Juniors,Final,3,78,1,-25,8.5,11,10,0,0,175,CO,2,1.5,1.5,0,0,0,0,0,2.75,-1,-1
2107,A,,Rock'n'Roll-Juniors,Final,3,78,1,-25,8.5,11,10,0,0,175,DF,2,1.5,2,0,0,0,0,0,2.75,-1,-1
2107,A,,Rock'n'Roll-Juniors,Final,4,149,1,-15,7.5,10,11,0,0,175,CO,1.5,1.5,2.5,0,0,0,0,0,2.5,-1,-1
2107,A,,Rock'n'Roll-Juniors,Final,4,149,1,-15,7.5,10,11,0,0,175,CO,1.5,2,1.5,0,0,0,0,0,2.5,-1,-1
2107,A,,Rock'n'Roll-Juniors,Final,4,149,1,-15,7.5,10,11,0,0,175,DF,1.5,1.5,2,0,0,0,0,0,2.5,-1,-1
2107,A,,Rock'n'Roll-Juniors,Final,5,155,1,-35,5,9,9,0,0,175,CO,1.5,1,1.5,0,0,0,0,0,2,-1,-1
2107,A,,Rock'n'Roll-Juniors,Final,5,155,1,-35,5,9,9,0,0,175,CO,1.5,1.5,1.5,0,0,0,0,0,2,-1,-1
2107,A,,Rock'n'Roll-Juniors,Final,5,155,1,-35,5,9,9,0,0,175,DF,1.5,1.5,1.5,0,0,0,0,0,2,-1,-1
2107,B,,Rock'n'Roll-Juniors,Final,1,235,2,-15,7.5,12,11,-2,0,175,CO,2,1.5,2,0,0,0,0,0,2.75,-1,-1
2107,B,,Rock'n'Roll-Juniors,Final,1,235,2,-15,7.5,12,11,-2,0,175,CO,2,2,1.5,0,0,0,0,0,2.75,-1,-1
2107,B,,Rock'n'Roll-Juniors,Final,1,235,2,-15,7.5,12,11,-2,0,175,DF,2,2,2,0,0,0,0,0,2.75,-1,-1
2107,B,,Rock'n'Roll-Juniors,Final,2,491,2,-10,8.5,12,13,0,0,175,CO,1.5,2,1.5,0,0,0,0,0,2.5,-1,-1
2107,B,,Rock'n'Roll-Juniors,Final,2,491,2,-10,8.5,12,13,0,0,175,CO,2.5,2,2,0,0,0,0,0,2.5,-1,-1
2107,B,,Rock'n'Roll-Juniors,Final,2,491,2,-10,8.5,12,13,0,0,175,DF,2,2,2,0,0,0,0,0,2.5,-1,-1
2107,B,,Rock'n'Roll-Juniors,Final,3,78,2,-15,8.5,12,9,0,0,175,CO,1.5,1.5,1.5,0,0,0,0,0,2.25,-1,-1
2107,B,,Rock'n'Roll-Juniors,Final,3,78,2,-15,8.5,12,9,0,0,175,DF,2,2,2,0,0,0,0,0,2.25,-1,-1
2107,B,,Rock'n'Roll-Juniors,Final,4,149,2,-15,6.5,9,10,0,0,175,DF,1.5,1.5,1.5,0,0,0,0,0,2.5,-1,-1
2107,B,,Rock'n'Roll-Juniors,Final,4,149,2,-15,6.5,9,10,0,0,175,CO,2,1.5,1.5,0,0,0,0,0,2.5,-1,-1
2107,B,,Rock'n'Roll-Juniors,Final,4,149,2,-15,6.5,9,10,0,0,175,CO,1.5,2,1.5,0,0,0,0,0,2.5,-1,-1
2107,B,,Rock'n'Roll-Juniors,Final,5,155,2,-35,6.5,6,7,0,0,175,CO,1,1.5,1,0,0,0,0,0,1.75,-1,-1
2107,B,,Rock'n'Roll-Juniors,Final,5,155,2,-35,6.5,6,7,0,0,175,DF,1,1,1,0,0,0,0,0,1.75,-1,-1
2107,B,,Rock'n'Roll-Juniors,Final,5,155,2,-35,6.5,6,7,0,0,175,CO,1,1,1.5,0,0,0,0,0,1.75,-1,-1
2107,C,,Rock'n'Roll-Juniors,Final,1,235,3,-15,7.5,11,12,-2,0,175,CO,1.5,2,2.5,0,0,0,0,0,3,-1,-1
2107,C,,Rock'n'Roll-Juniors,Final,1,235,3,-15,7.5,11,12,-2,0,175,CO,2,2,2,0,0,0,0,0,3,-1,-1
2107,C,,Rock'n'Roll-Juniors,Final,1,235,3,-15,7.5,11,12,-2,0,175,DF,2,1.5,2,0,0,0,0,0,3,-1,-1
2107,C,,Rock'n'Roll-Juniors,Final,2,491,3,-10,9,13,14,0,0,175,CO,2,2,2,0,0,0,0,0,3,-1,-1
2107,C,,Rock'n'Roll-Juniors,Final,2,491,3,-10,9,13,14,0,0,175,CO,2.5,2,2.5,0,0,0,0,0,3,-1,-1
2107,C,,Rock'n'Roll-Juniors,Final,2,491,3,-10,9,13,14,0,0,175,DF,2,2.5,2,0,0,0,0,0,3,-1,-1
2107,C,,Rock'n'Roll-Juniors,Final,3,78,3,-15,8.5,11,11,0,0,175,CO,1.5,1.5,2,0,0,0,0,0,2.5,-1,-1
2107,C,,Rock'n'Roll-Juniors,Final,3,78,3,-15,8.5,11,11,0,0,175,CO,2,1.5,2,0,0,0,0,0,2.5,-1,-1
2107,C,,Rock'n'Roll-Juniors,Final,3,78,3,-15,8.5,11,11,0,0,175,DF,2,1.5,2,0,0,0,0,0,2.5,-1,-1
2107,C,,Rock'n'Roll-Juniors,Final,4,149,3,-25,7.5,10,9,0,0,175,CO,1.5,1.5,1.5,0,0,0,0,0,2.25,-1,-1
2107,C,,Rock'n'Roll-Juniors,Final,4,149,3,-25,7.5,10,9,0,0,175,DF,1.5,1.5,2,0,0,0,0,0,2.25,-1,-1
2107,C,,Rock'n'Roll-Juniors,Final,5,155,3,-35,6.5,8,8,0,0,175,DF,1,1.5,1.5,0,0,0,0,0,2,-1,-1
2107,C,,Rock'n'Roll-Juniors,Final,5,155,3,-35,6.5,8,8,0,0,175,CO,1,1.5,1.5,0,0,0,0,0,2,-1,-1
2107,D,,Rock'n'Roll-Juniors,Final,1,235,4,-5,10,15,15,-2,0,175,CO,2.5,2,2.5,0,0,0,0,0,3.5,-1,-1
2107,D,,Rock'n'Roll-Juniors,Final,1,235,4,-5,10,15,15,-2,0,175,CO,3,1.5,3,0,0,0,0,0,3.5,-1,-1
2107,D,,Rock'n'Roll-Juniors,Final,1,235,4,-5,10,15,15,-2,0,175,DF,2.5,2,3,0,0,0,0,0,3.5,-1,-1
2107,D,,Rock'n'Roll-Juniors,Final,2,491,4,0,10,17,16,0,0,175,CO,3,2.5,2.5,0,0,0,0,0,4.25,-1,-1
2107,D,,Rock'n'Roll-Juniors,Final,2,491,4,0,10,17,16,0,0,175,CO,3,2.5,3,0,0,0,0,0,4.25,-1,-1
2107,D,,Rock'n'Roll-Juniors,Final,2,491,4,0,10,17,16,0,0,175,DF,3,2.5,3,0,0,0,0,0,4.25,-1,-1
2107,D,,Rock'n'Roll-Juniors,Final,3,78,4,-25,8.5,13,13,0,0,175,CO,2,2,2.5,0,0,0,0,0,3.25,-1,-1
2107,D,,Rock'n'Roll-Juniors,Final,3,78,4,-25,8.5,13,13,0,0,175,CO,2.5,2,2,0,0,0,0,0,3.25,-1,-1
2107,D,,Rock'n'Roll-Juniors,Final,3,78,4,-25,8.5,13,13,0,0,175,DF,2,2,2.5,0,0,0,0,0,3.25,-1,-1
2107,D,,Rock'n'Roll-Juniors,Final,4,149,4,-15,7.5,12,12,0,0,175,DF,2,2,2,0,0,0,0,0,3,-1,-1
2107,D,,Rock'n'Roll-Juniors,Final,4,149,4,-15,7.5,12,12,0,0,175,CO,2,2,2,0,0,0,0,0,3,-1,-1
2107,D,,Rock'n'Roll-Juniors,Final,5,155,4,-35,6.5,6,8,0,0,175,DF,1,1,1,0,0,0,0,0,2,-1,-1
2107,D,,Rock'n'Roll-Juniors,Final,5,155,4,-35,6.5,6,8,0,0,175,CO,1.5,1,1.5,0,0,0,0,0,2,-1,-1
2107,D,,Rock'n'Roll-Juniors,Final,5,155,4,-35,6.5,6,8,0,0,175,CO,1,1.5,1.5,0,0,0,0,0,2,-1,-1
2107,E,,Rock'n'Roll-Juniors,Final,1,235,5,-15,9,13,12,-2,0,175,CO,2.5,1.5,2,0,0,0,0,0,3.25,-1,-1
2107,E,,Rock'n'Roll-Juniors,Final,1,235,5,-15,9,13,12,-2,0,175,CO,2.5,2,2,0,0,0,0,0,3.25,-1,-1
2107,E,,Rock'n'Roll-Juniors,Final,1,235,5,-15,9,13,12,-2,0,175,DF,2.5,2,2,0,0,0,0,0,3.25,-1,-1
2107,E,,Rock'n'Roll-Juniors,Final,2,491,5,-10,9,16,15,0,0,175,CO,2.5,3,2.5,0,0,0,0,0,4.25,-1,-1
2107,E,,Rock'n'Roll-Juniors,Final,2,491,5,-10,9,16,15,0,0,175,CO,3,2,2.5,0,0,0,0,0,4.25,-1,-1
2107,E,,Rock'n'Roll-Juniors,Final,2,491,5,-10,9,16,15,0,0,175,DF,2.5,2.5,2.5,0,0,0,0,0,4.25,-1,-1
2107,E,,Rock'n'Roll-Juniors,Final,3,78,5,-25,7.5,12,11,0,0,175,CO,2,1.5,1.5,0,0,0,0,0,2.5,-1,-1
2107,E,,Rock'n'Roll-Juniors,Final,3,78,5,-25,7.5,12,11,0,0,175,CO,2,1.5,2,0,0,0,0,0,2.5,-1,-1
2107,E,,Rock'n'Roll-Juniors,Final,3,78,5,-25,7.5,12,11,0,0,175,DF,2,2,2,0,0,0,0,0,2.5,-1,-1
2107,E,,Rock'n'Roll-Juniors,Final,4,149,5,-35,6.5,9,7,-2,0,175,CO,1.5,1,1.5,0,0,0,0,0,2,-1,-1
2107,E,,Rock'n'Roll-Juniors,Final,4,149,5,-35,6.5,9,7,-2,0,175,DF,1.5,1.5,1.5,0,0,0,0,0,2,-1,-1
2107,E,,Rock'n'Roll-Juniors,Final,4,149,5,-35,6.5,9,7,-2,0,175,CO,1.5,1,1,0,0,0,0,0,2,-1,-1
2107,E,,Rock'n'Roll-Juniors,Final,5,155,5,-35,5,6,5,0,0,175,CO,1,1,1.5,0,0,0,0,0,1.75,-1,-1
2107,E,,Rock'n'Roll-Juniors,Final,5,155,5,-35,5,6,5,0,0,175,DF,1,1,1,0,0,0,0,0,1.75,-1,-1
2107,E,,Rock'n'Roll-Juniors,Final,5,155,5,-35,5,6,5,0,0,175,CO,1,0.5,1,0,0,0,0,0,1.75,-1,-1
2107,F,,Rock'n'Roll-Juniors,Final,1,235,6,-10,9,8,9,0,0,175,CO,1.5,0.5,1.5,0,0,0,0,0,1.75,-1,-1
2107,F,,Rock'n'Roll-Juniors,Final,1,235,6,-10,9,8,9,0,0,175,CO,1.5,1.5,1.5,0,0,0,0,0,1.75,-1,-1
2107,F,,Rock'n'Roll-Juniors,Final,1,235,6,-10,9,8,9,0,0,175,DF,1.5,1.5,1,0,0,0,0,0,1.75,-1,-1
2107,F,,Rock'n'Roll-Juniors,Final,2,491,6,0,10,15,12,0,0,175,CO,2,2,2,0,0,0,0,0,4.5,-1,-1
2107,F,,Rock'n'Roll-Juniors,Final,2,491,6,0,10,15,12,0,0,175,CO,3,2.5,3,0,0,0,0,0,4.5,-1,-1
2107,F,,Rock'n'Roll-Juniors,Final,2,491,6,0,10,15,12,0,0,175,DF,2.5,3,2,0,0,0,0,0,4.5,-1,-1
2107,F,,Rock'n'Roll-Juniors,Final,3,78,6,-10,9,13,12,0,0,175,DF,2,2.5,2,0,0,0,0,0,2.75,-1,-1
2107,F,,Rock'n'Roll-Juniors,Final,3,78,6,-10,9,13,12,0,0,175,CO,2,1.5,2,0,0,0,0,0,2.75,-1,-1
2107,F,,Rock'n'Roll-Juniors,Final,3,78,6,-10,9,13,12,0,0,175,CO,2,1.5,2.5,0,0,0,0,0,2.75,-1,-1
2107,F,,Rock'n'Roll-Juniors,Final,4,149,6,-15,8.5,12,14,0,0,175,DF,2,2,2,0,0,0,0,0,3.5,-1,-1
2107,F,,Rock'n'Roll-Juniors,Final,4,149,6,-15,8.5,12,14,0,0,175,CO,2,2.5,2.5,0,0,0,0,0,3.5,-1,-1
2107,F,,Rock'n'Roll-Juniors,Final,4,149,6,-15,8.5,12,14,0,0,175,CO,2,2,3,0,0,0,0,0,3.5,-1,-1
2107,F,,Rock'n'Roll-Juniors,Final,5,155,6,-25,6.5,7,6,0,0,175,CO,1,1,1,0,0,0,0,0,1.75,-1,-1
2107,F,,Rock'n'Roll-Juniors,Final,5,155,6,-25,6.5,7,6,0,0,175,CO,1,1,1.5,0,0,0,0,0,1.75,-1,-1
2107,F,,Rock'n'Roll-Juniors,Final,5,155,6,-25,6.5,7,6,0,0,175,DF,1,1.5,1,0,0,0,0,0,1.75,-1,-1
2107,G,,Rock'n'Roll-Juniors,Final,1,235,7,-15,8.5,13,12,0,0,175,CO,2,1.5,2,0,0,0,0,0,2.75,-1,-1
2107,G,,Rock'n'Roll-Juniors,Final,1,235,7,-15,8.5,13,12,0,0,175,CO,2,2,2,0,0,0,0,0,2.75,-1,-1
2107,G,,Rock'n'Roll-Juniors,Final,1,235,7,-15,8.5,13,12,0,0,175,DF,2.5,1.5,2.5,0,0,0,0,0,2.75,-1,-1
2107,G,,Rock'n'Roll-Juniors,Final,2,491,7,-15,8.5,12,14,0,0,175,CO,2.5,2.5,2,0,0,0,0,0,3.5,-1,-1
2107,G,,Rock'n'Roll-Juniors,Final,2,491,7,-15,8.5,12,14,0,0,175,DF,2,2,2,0,0,0,0,0,3.5,-1,-1
2107,G,,Rock'n'Roll-Juniors,Final,3,78,7,-15,8.5,11,10,0,0,175,DF,2,1.5,2,0,0,0,0,0,2.75,-1,-1
2107,G,,Rock'n'Roll-Juniors,Final,3,78,7,-15,8.5,11,10,0,0,175,CO,1.5,1.5,2,0,0,0,0,0,2.75,-1,-1
2107,G,,Rock'n'Roll-Juniors,Final,3,78,7,-15,8.5,11,10,0,0,175,CO,2,1.5,2,0,0,0,0,0,2.75,-1,-1
2107,G,,Rock'n'Roll-Juniors,Final,4,149,7,-25,7.5,10,10,0,0,175,DF,1.5,1.5,2,0,0,0,0,0,2.75,-1,-1
2107,G,,Rock'n'Roll-Juniors,Final,4,149,7,-25,7.5,10,10,0,0,175,CO,1.5,1.5,2,0,0,0,0,0,2.75,-1,-1
2107,G,,Rock'n'Roll-Juniors,Final,4,149,7,-25,7.5,10,10,0,0,175,CO,2,1.5,2,0,0,0,0,0,2.75,-1,-1
2107,G,,Rock'n'Roll-Juniors,Final,5,155,7,-25,5,9,9,-2,0,175,CO,1.5,1,1.5,0,0,0,0,0,2,-1,-1
2107,G,,Rock'n'Roll-Juniors,Final,5,155,7,-25,5,9,9,-2,0,175,CO,1.5,1.5,1.5,0,0,0,0,0,2,-1,-1
2107,G,,Rock'n'Roll-Juniors,Final,5,155,7,-25,5,9,9,-2,0,175,DF,1.5,1.5,1.5,0,0,0,0,0,2,-1,-1
2108,A,,Rock'n'Roll-Juveniles,Final,1,182,1,-25,7.5,13.75,11,0,0,175,CO,2,1.5,2,0,0,0,0,0,0,-1,-1
2108,A,,Rock'n'Roll-Juveniles,Final,1,182,1,-25,7.5,13.75,11,0,0,175,DF,2,1.5,2,0,0,0,0,0,0,-1,-1
2108,A,,Rock'n'Roll-Juveniles,Final,2,3,1,-25,7.5,12.5,10,0,0,175,CO,1.5,1.5,2,0,0,0,0,0,0,-1,-1
2108,A,,Rock'n'Roll-Juveniles,Final,2,3,1,-25,7.5,12.5,10,0,0,175,DF,2,1.5,1.5,0,0,0,0,0,0,-1,-1
2108,A,,Rock'n'Roll-Juveniles,Final,3,57,1,-35,6.5,12.5,10,0,0,175,CO,1.5,1.5,2,0,0,0,0,0,0,-1,-1
2108,A,,Rock'n'Roll-Juveniles,Final,3,57,1,-35,6.5,12.5,10,0,0,175,DF,1.5,1.5,2,0,0,0,0,0,0,-1,-1
2108,A,,Rock'n'Roll-Juveniles,Final,4,27,1,-25,7.5,11.25,12,0,0,175,DF,1.5,1.5,1.5,0,0,0,0,0,0,-1,-1
2108,A,,Rock'n'Roll-Juveniles,Final,4,27,1,-25,7.5,11.25,12,0,0,175,CO,2,2,2,0,0,0,0,0,0,-1,-1
2108,A,,Rock'n'Roll-Juveniles,Final,5,193,1,-25,6.5,11.25,9,0,0,175,DF,1.5,1.5,1.5,0,0,0,0,0,0,-1,-1
2108,A,,Rock'n'Roll-Juveniles,Final,5,193,1,-25,6.5,11.25,9,0,0,175,CO,1.5,1.5,1.5,0,0,0,0,0,0,-1,-1
2108,A,,Rock'n'Roll-Juveniles,Final,6,134,1,-15,8.5,13.75,11,0,0,175,CO,2,2,1.5,0,0,0,0,0,0,-1,-1
2108,A,,Rock'n'Roll-Juveniles,Final,6,134,1,-15,8.5,13.75,11,0,0,175,DF,2,1.5,2,0,0,0,0,0,0,-1,-1
2108,B,,Rock'n'Roll-Juveniles,Final,1,182,2,-15,7.5,12.5,9,0,0,175,CO,1.5,1.5,1.5,0,0,0,0,0,0,-1,-1
2108,B,,Rock'n'Roll-Juveniles,Final,1,182,2,-15,7.5,12.5,9,0,0,175,DF,1.5,2,1.5,0,0,0,0,0,0,-1,-1
2108,B,,Rock'n'Roll-Juveniles,Final,2,3,2,-35,6.5,10,8,0,0,175,CO,1.5,1.5,1,0,0,0,0,0,0,-1,-1
2108,B,,Rock'n'Roll-Juveniles,Final,2,3,2,-35,6.5,10,8,0,0,175,DF,1,1.5,1.5,0,0,0,0,0,0,-1,-1
2108,B,,Rock'n'Roll-Juveniles,Final,3,57,2,-25,7.5,10,9,0,0,175,CO,1.5,1,2,0,0,0,0,0,0,-1,-1
2108,B,,Rock'n'Roll-Juveniles,Final,3,57,2,-25,7.5,10,9,0,0,175,DF,1,1.5,1.5,0,0,0,0,0,0,-1,-1
2108,B,,Rock'n'Roll-Juveniles,Final,4,27,2,-25,6.5,11.25,9,0,0,175,CO,1.5,1.5,1.5,0,0,0,0,0,0,-1,-1
2108,B,,Rock'n'Roll-Juveniles,Final,4,27,2,-25,6.5,11.25,9,0,0,175,DF,1.5,1.5,1.5,0,0,0,0,0,0,-1,-1
2108,B,,Rock'n'Roll-Juveniles,Final,5,193,2,-35,5,8.75,6,0,0,175,DF,1,1,1.5,0,0,0,0,0,0,-1,-1
2108,B,,Rock'n'Roll-Juveniles,Final,5,193,2,-35,5,8.75,6,0,0,175,CO,1,1,1,0,0,0,0,0,0,-1,-1
2108,B,,Rock'n'Roll-Juveniles,Final,6,134,2,-15,8.5,11.25,9,0,0,175,CO,1.5,1.5,1.5,0,0,0,0,0,0,-1,-1
2108,B,,Rock'n'Roll-Juveniles,Final,6,134,2,-15,8.5,11.25,9,0,0,175,DF,1,2,1.5,0,0,0,0,0,0,-1,-1
2108,C,,Rock'n'Roll-Juveniles,Final,1,182,3,-15,7.5,10,10,0,0,175,CO,1.5,1.5,2,0,0,0,0,0,0,-1,-1
2108,C,,Rock'n'Roll-Juveniles,Final,1,182,3,-15,7.5,10,10,0,0,175,DF,1,1.5,1.5,0,0,0,0,0,0,-1,-1
2108,C,,Rock'n'Roll-Juveniles,Final,2,3,3,-15,7.5,11.25,9,0,0,175,CO,1.5,1.5,1.5,0,0,0,0,0,0,-1,-1
2108,C,,Rock'n'Roll-Juveniles,Final,2,3,3,-15,7.5,11.25,9,0,0,175,DF,1.5,1.5,1.5,0,0,0,0,0,0,-1,-1
2108,C,,Rock'n'Roll-Juveniles,Final,3,57,3,-25,7.5,11.25,9,0,0,175,CO,1.5,1.5,1.5,0,0,0,0,0,0,-1,-1
2108,C,,Rock'n'Roll-Juveniles,Final,3,57,3,-25,7.5,11.25,9,0,0,175,DF,1.5,1.5,1.5,0,0,0,0,0,0,-1,-1
2108,C,,Rock'n'Roll-Juveniles,Final,4,27,3,-15,7.5,12.5,11,0,0,175,CO,1.5,2,2,0,0,0,0,0,0,-1,-1
2108,C,,Rock'n'Roll-Juveniles,Final,4,27,3,-15,7.5,12.5,11,0,0,175,DF,1.5,2,1.5,0,0,0,0,0,0,-1,-1
2108,C,,Rock'n'Roll-Juveniles,Final,5,193,3,-35,6.5,8.75,8,0,0,175,CO,1,1.5,1.5,0,0,0,0,0,0,-1,-1
2108,C,,Rock'n'Roll-Juveniles,Final,5,193,3,-35,6.5,8.75,8,0,0,175,DF,1,1,1.5,0,0,0,0,0,0,-1,-1
2108,C,,Rock'n'Roll-Juveniles,Final,6,134,3,-15,8.5,13.75,12,0,0,175,DF,1.5,2,2,0,0,0,0,0,0,-1,-1
2108,C,,Rock'n'Roll-Juveniles,Final,6,134,3,-15,8.5,13.75,12,0,0,175,CO,2,2,2,0,0,0,0,0,0,-1,-1
2108,D,,Rock'n'Roll-Juveniles,Final,1,182,4,-15,9,18.75,15,0,0,175,DF,2.5,2.5,2.5,0,0,0,0,0,0,-1,-1
2108,D,,Rock'n'Roll-Juveniles,Final,1,182,4,-15,9,18.75,15,0,0,175,CO,3,2,2.5,0,0,0,0,0,0,-1,-1
2108,D,,Rock'n'Roll-Juveniles,Final,2,3,4,-25,8.5,15,12,0,0,175,CO,2.5,1.5,2,0,0,0,0,0,0,-1,-1
2108,D,,Rock'n'Roll-Juveniles,Final,2,3,4,-25,8.5,15,12,0,0,175,DF,2,2,2,0,0,0,0,0,0,-1,-1
2108,D,,Rock'n'Roll-Juveniles,Final,3,57,4,-5,9.5,16.25,13,0,0,175,CO,2.5,1.5,2.5,0,0,0,0,0,0,-1,-1
2108,D,,Rock'n'Roll-Juveniles,Final,3,57,4,-5,9.5,16.25,13,0,0,175,DF,2,2.5,2,0,0,0,0,0,0,-1,-1
2108,D,,Rock'n'Roll-Juveniles,Final,4,27,4,-25,7.5,15,15,0,0,175,CO,2.5,2.5,2.5,0,0,0,0,0,0,-1,-1
2108,D,,Rock'n'Roll-Juveniles,Final,4,27,4,-25,7.5,15,15,0,0,175,DF,2,2,2,0,0,0,0,0,0,-1,-1
2108,D,,Rock'n'Roll-Juveniles,Final,5,193,4,-25,6.5,12.5,10,0,0,175,CO,2,1.5,1.5,0,0,0,0,0,0,-1,-1
2108,D,,Rock'n'Roll-Juveniles,Final,5,193,4,-25,6.5,12.5,10,0,0,175,DF,1.5,1.5,2,0,0,0,0,0,0,-1,-1
2108,D,,Rock'n'Roll-Juveniles,Final,6,134,4,-10,9.5,18.75,15,0,0,175,CO,2.5,2,3,0,0,0,0,0,0,-1,-1
2108,D,,Rock'n'Roll-Juveniles,Final,6,134,4,-10,9.5,18.75,15,0,0,175,DF,2,2.5,3,0,0,0,0,0,0,-1,-1
2108,E,,Rock'n'Roll-Juveniles,Final,1,182,5,-25,7.5,13.75,10,0,0,175,CO,2,1.5,1.5,0,0,0,0,0,0,-1,-1
2108,E,,Rock'n'Roll-Juveniles,Final,1,182,5,-25,7.5,13.75,10,0,0,175,DF,2,1.5,2,0,0,0,0,0,0,-1,-1
2108,E,,Rock'n'Roll-Juveniles,Final,2,3,5,-35,6.5,11.25,8,0,0,175,DF,1.5,1.5,1.5,0,0,0,0,0,0,-1,-1
2108,E,,Rock'n'Roll-Juveniles,Final,2,3,5,-35,6.5,11.25,8,0,0,175,CO,1.5,1,1.5,0,0,0,0,0,0,-1,-1
2108,E,,Rock'n'Roll-Juveniles,Final,3,57,5,-35,5,6.25,6,0,0,175,CO,1,0.5,1.5,0,0,0,0,0,0,-1,-1
2108,E,,Rock'n'Roll-Juveniles,Final,3,57,5,-35,5,6.25,6,0,0,175,DF,0.5,1,1,0,0,0,0,0,0,-1,-1
2108,E,,Rock'n'Roll-Juveniles,Final,4,27,5,-50,6.5,11.25,7,0,0,175,CO,1.5,1,1,0,0,0,0,0,0,-1,-1
2108,E,,Rock'n'Roll-Juveniles,Final,4,27,5,-50,6.5,11.25,7,0,0,175,DF,1.5,1,2,0,0,0,0,0,0,-1,-1
2108,E,,Rock'n'Roll-Juveniles,Final,5,193,5,-35,5,7.5,6,0,0,175,CO,1,1,1,0,0,0,0,0,0,-1,-1
2108,E,,Rock'n'Roll-Juveniles,Final,5,193,5,-35,5,7.5,6,0,0,175,DF,1,1,1,0,0,0,0,0,0,-1,-1
2108,E,,Rock'n'Roll-Juveniles,Final,6,134,5,-35,7.5,13.75,11,0,0,175,CO,2,1.5,2,0,0,0,0,0,0,-1,-1
2108,E,,Rock'n'Roll-Juveniles,Final,6,134,5,-35,7.5,13.75,11,0,0,175,DF,2,2,1.5,0,0,0,0,0,0,-1,-1
2108,F,,Rock'n'Roll-Juveniles,Final,1,182,6,-15,7.5,13.75,9,0,0,175,CO,1.5,1,2,0,0,0,0,0,0,-1,-1
2108,F,,Rock'n'Roll-Juveniles,Final,1,182,6,-15,7.5,13.75,9,0,0,175,DF,1.5,2.5,1.5,0,0,0,0,0,0,-1,-1
2108,F,,Rock'n'Roll-Juveniles,Final,2,3,6,-25,6.5,12.5,10,0,0,175,CO,1.5,1.5,2,0,0,0,0,0,0,-1,-1
2108,F,,Rock'n'Roll-Juveniles,Final,2,3,6,-25,6.5,12.5,10,0,0,175,DF,1.5,2,1.5,0,0,0,0,0,0,-1,-1
2108,F,,Rock'n'Roll-Juveniles,Final,3,57,6,-35,6.5,10,8,0,0,175,CO,1,1.5,1.5,0,0,0,0,0,0,-1,-1
2108,F,,Rock'n'Roll-Juveniles,Final,3,57,6,-35,6.5,10,8,0,0,175,DF,1.5,1.5,1,0,0,0,0,0,0,-1,-1
2108,F,,Rock'n'Roll-Juveniles,Final,4,27,6,-15,8.5,12.5,11,0,0,175,CO,1.5,2,2,0,0,0,0,0,0,-1,-1
2108,F,,Rock'n'Roll-Juveniles,Final,4,27,6,-15,8.5,12.5,11,0,0,175,DF,1.5,2,1.5,0,0,0,0,0,0,-1,-1
2108,F,,Rock'n'Roll-Juveniles,Final,5,193,6,-25,5,8.75,9,0,0,175,CO,1,2,1.5,0,0,0,0,0,0,-1,-1
2108,F,,Rock'n'Roll-Juveniles,Final,5,193,6,-25,5,8.75,9,0,0,175,DF,1,1.5,1,0,0,0,0,0,0,-1,-1
2108,F,,Rock'n'Roll-Juveniles,Final,6,134,6,-10,8.5,15,13,0,0,175,CO,2,2.5,2,0,0,0,0,0,0,-1,-1
2108,F,,Rock'n'Roll-Juveniles,Final,6,134,6,-10,8.5,15,13,0,0,175,DF,2,2.5,1.5,0,0,0,0,0,0,-1,-1
2108,G,,Rock'n'Roll-Juveniles,Final,1,182,7,-25,8.5,13.75,12,0,0,175,CO,2,2,2,0,0,0,0,0,0,-1,-1
2108,G,,Rock'n'Roll-Juveniles,Final,1,182,7,-25,8.5,13.75,12,0,0,175,DF,2,1.5,2,0,0,0,0,0,0,-1,-1
2108,G,,Rock'n'Roll-Juveniles,Final,2,3,7,-25,6.5,12.5,8,0,0,175,CO,1.5,1,1.5,0,0,0,0,0,0,-1,-1
2108,G,,Rock'n'Roll-Juveniles,Final,2,3,7,-25,6.5,12.5,8,0,0,175,DF,1.5,1.5,2,0,0,0,0,0,0,-1,-1
2108,G,,Rock'n'Roll-Juveniles,Final,3,57,7,-35,5,8.75,8,0,0,175,CO,1.5,1,1.5,0,0,0,0,0,0,-1,-1
2108,G,,Rock'n'Roll-Juveniles,Final,3,57,7,-35,5,8.75,8,0,0,175,DF,1,1,1.5,0,0,0,0,0,0,-1,-1
2108,G,,Rock'n'Roll-Juveniles,Final,4,27,7,-25,5,10,11,0,0,175,DF,1.5,1,1.5,0,0,0,0,0,0,-1,-1
2108,G,,Rock'n'Roll-Juveniles,Final,4,27,7,-25,5,10,11,0,0,175,CO,1.5,2,2,0,0,0,0,0,0,-1,-1
2108,G,,Rock'n'Roll-Juveniles,Final,5,193,7,-35,5,8.75,9,-2,0,175,CO,1.5,1.5,1.5,0,0,0,0,0,0,-1,-1
2108,G,,Rock'n'Roll-Juveniles,Final,5,193,7,-35,5,8.75,9,-2,0,175,DF,1.5,0.5,1.5,0,0,0,0,0,0,-1,-1
2108,G,,Rock'n'Roll-Juveniles,Final,6,134,7,-35,7.5,15,11,0,0,175,CO,2,1.5,2,0,0,0,0,0,0,-1,-1
2108,G,,Rock'n'Roll-Juveniles,Final,6,134,7,-35,7.5,15,11,0,0,175,DF,2,2,2,0,0,0,0,0,0,-1,-1
2110,A,,Rock'n'Roll-Small Formation,Final,1,180,1,-35,8,8,7.5,0,0,175,CO,1,2,2,0,0,0,0,0,0,-1,-1
2110,A,,Rock'n'Roll-Small Formation,Final,1,180,1,-35,8,8,7.5,0,0,175,DF,1,1.5,1.5,0,0,0,0,0,0,-1,-1
2110,A,,Rock'n'Roll-Small Formation,Final,1,180,1,-35,8,8,7.5,0,0,175,FM,1.5,1,1.5,0,0,0,0,0,0,-1,-1
2110,A,,Rock'n'Roll-Small Formation,Final,2,104,1,-35,10,8,8.25,0,0,175,CO,1.5,2,2,0,0,0,0,0,0,-1,-1
2110,A,,Rock'n'Roll-Small Formation,Final,2,104,1,-35,10,8,8.25,0,0,175,DF,1.5,1,1.5,0,0,0,0,0,0,-1,-1
2110,A,,Rock'n'Roll-Small Formation,Final,2,104,1,-35,10,8,8.25,0,0,175,FM,1.5,1.5,2,0,0,0,0,0,0,-1,-1
2110,A,,Rock'n'Roll-Small Formation,Final,3,259,1,-50,7,6,7.5,0,0,175,CO,1,2,2,0,0,0,0,0,0,-1,-1
2110,A,,Rock'n'Roll-Small Formation,Final,3,259,1,-50,7,6,7.5,0,0,175,FM,1,1,1.5,0,0,0,0,0,0,-1,-1
2110,A,,Rock'n'Roll-Small Formation,Final,3,259,1,-50,7,6,7.5,0,0,175,DF,1,1,1,0,0,0,0,0,0,-1,-1
2110,A,,Rock'n'Roll-Small Formation,Final,4,20,1,-25,10,9,8.25,0,0,175,CO,1.5,2,2,0,0,0,0,0,0,-1,-1
2110,A,,Rock'n'Roll-Small Formation,Final,4,20,1,-25,10,9,8.25,0,0,175,DF,1.5,1.5,1.5,0,0,0,0,0,0,-1,-1
2110,A,,Rock'n'Roll-Small Formation,Final,4,20,1,-25,10,9,8.25,0,0,175,FM,1.5,2,1.5,0,0,0,0,0,0,-1,-1
2110,B,,Rock'n'Roll-Small Formation,Final,1,180,2,-25,7,9,7.5,0,0,175,CO,1.5,2,1.5,0,0,0,0,0,0,-1,-1
2110,B,,Rock'n'Roll-Small Formation,Final,1,180,2,-25,7,9,7.5,0,0,175,DF,1.5,1.5,1.5,0,0,0,0,0,0,-1,-1
2110,B,,Rock'n'Roll-Small Formation,Final,1,180,2,-25,7,9,7.5,0,0,175,FM,1,1,1.5,0,0,0,0,0,0,-1,-1
2110,B,,Rock'n'Roll-Small Formation,Final,2,104,2,-25,9,9,5.25,0,0,175,CO,1,1,1.5,0,0,0,0,0,0,-1,-1
2110,B,,Rock'n'Roll-Small Formation,Final,2,104,2,-25,9,9,5.25,0,0,175,DF,1.5,1.5,1.5,0,0,0,0,0,0,-1,-1
2110,B,,Rock'n'Roll-Small Formation,Final,2,104,2,-25,9,9,5.25,0,0,175,FM,1.5,1.5,1.5,0,0,0,0,0,0,-1,-1
2110,B,,Rock'n'Roll-Small Formation,Final,3,259,2,-35,6,5,4.5,0,0,175,FM,1,1,1,0,0,0,0,0,0,-1,-1
2110,B,,Rock'n'Roll-Small Formation,Final,3,259,2,-35,6,5,4.5,0,0,175,CO,1,1,1,0,0,0,0,0,0,-1,-1
2110,B,,Rock'n'Roll-Small Formation,Final,3,259,2,-35,6,5,4.5,0,0,175,DF,0.5,1,1,0,0,0,0,0,0,-1,-1
2110,B,,Rock'n'Roll-Small Formation,Final,4,20,2,-25,8,9,6.75,0,0,175,FM,1,1.5,1.5,0,0,0,0,0,0,-1,-1
2110,B,,Rock'n'Roll-Small Formation,Final,4,20,2,-25,8,9,6.75,0,0,175,CO,1.5,1.5,1.5,0,0,0,0,0,0,-1,-1
2110,B,,Rock'n'Roll-Small Formation,Final,4,20,2,-25,8,9,6.75,0,0,175,DF,1.5,1.5,1.5,0,0,0,0,0,0,-1,-1
2110,C,,Rock'n'Roll-Small Formation,Final,1,180,3,-25,8,7,5.25,-2,0,175,CO,1,1,1.5,0,0,0,0,0,0,-1,-1
2110,C,,Rock'n'Roll-Small Formation,Final,1,180,3,-25,8,7,5.25,-2,0,175,DF,1.5,1,1,0,0,0,0,0,0,-1,-1
2110,C,,Rock'n'Roll-Small Formation,Final,1,180,3,-25,8,7,5.25,-2,0,175,FM,1,1.5,1.5,0,0,0,0,0,0,-1,-1
2110,C,,Rock'n'Roll-Small Formation,Final,2,104,3,-35,9,8,6.75,0,0,175,CO,1.5,1.5,1.5,0,0,0,0,0,0,-1,-1
2110,C,,Rock'n'Roll-Small Formation,Final,2,104,3,-35,9,8,6.75,0,0,175,DF,1,1.5,1.5,0,0,0,0,0,0,-1,-1
2110,C,,Rock'n'Roll-Small Formation,Final,2,104,3,-35,9,8,6.75,0,0,175,FM,1.5,1.5,1.5,0,0,0,0,0,0,-1,-1
2110,C,,Rock'n'Roll-Small Formation,Final,3,259,3,-25,9,7,4.5,0,0,175,CO,1,1,1,0,0,0,0,0,0,-1,-1
2110,C,,Rock'n'Roll-Small Formation,Final,3,259,3,-25,9,7,4.5,0,0,175,DF,1,1,1.5,0,0,0,0,0,0,-1,-1
2110,C,,Rock'n'Roll-Small Formation,Final,3,259,3,-25,9,7,4.5,0,0,175,FM,1.5,1.5,1.5,0,0,0,0,0,0,-1,-1
2110,C,,Rock'n'Roll-Small Formation,Final,4,20,3,-25,9,10,6,-2,0,175,DF,1.5,2,1.5,0,0,0,0,0,0,-1,-1
2110,C,,Rock'n'Roll-Small Formation,Final,4,20,3,-25,9,10,6,-2,0,175,FM,1.5,1.5,1.5,0,0,0,0,0,0,-1,-1
2110,C,,Rock'n'Roll-Small Formation,Final,4,20,3,-25,9,10,6,-2,0,175,CO,1.5,1.5,1,0,0,0,0,0,0,-1,-1
2110,F,,Rock'n'Roll-Small Formation,Final,1,180,4,-50,7,7,6,0,0,175,CO,1,1.5,1.5,0,0,0,0,0,0,-1,-1
2110,F,,Rock'n'Roll-Small Formation,Final,1,180,4,-50,7,7,6,0,0,175,DF,1,1.5,1,0,0,0,0,0,0,-1,-1
2110,F,,Rock'n'Roll-Small Formation,Final,1,180,4,-50,7,7,6,0,0,175,FM,1.5,1,1,0,0,0,0,0,0,-1,-1
2110,F,,Rock'n'Roll-Small Formation,Final,2,104,4,-35,7,6,5.25,-2,0,175,CO,1,1.5,1,0,0,0,0,0,0,-1,-1
2110,F,,Rock'n'Roll-Small Formation,Final,2,104,4,-35,7,6,5.25,-2,0,175,DF,1,1,1,0,0,0,0,0,0,-1,-1
2110,F,,Rock'n'Roll-Small Formation,Final,2,104,4,-35,7,6,5.25,-2,0,175,FM,1,1.5,1,0,0,0,0,0,0,-1,-1
2110,F,,Rock'n'Roll-Small Formation,Final,3,259,4,-50,6,6,4.5,-4,0,175,CO,1,1,1,0,0,0,0,0,0,-1,-1
2110,F,,Rock'n'Roll-Small Formation,Final,3,259,4,-50,6,6,4.5,-4,0,175,DF,1,1,1,0,0,0,0,0,0,-1,-1
2110,F,,Rock'n'Roll-Small Formation,Final,3,259,4,-50,6,6,4.5,-4,0,175,FM,1,1,1,0,0,0,0,0,0,-1,-1
2110,F,,Rock'n'Roll-Small Formation,Final,4,20,4,-10,13,15,11.25,0,0,175,CO,2,2.5,3,0,0,0,0,0,0,-1,-1
2110,F,,Rock'n'Roll-Small Formation,Final,4,20,4,-10,13,15,11.25,0,0,175,DF,2.5,2.5,2.5,0,0,0,0,0,0,-1,-1
2110,F,,Rock'n'Roll-Small Formation,Final,4,20,4,-10,13,15,11.25,0,0,175,FM,2,2.5,2,0,0,0,0,0,0,-1,-1
2110,G,,Rock'n'Roll-Small Formation,Final,1,180,5,-50,9,7,7.5,-2,0,175,CO,1.5,1.5,2,0,0,0,0,0,0,-1,-1
2110,G,,Rock'n'Roll-Small Formation,Final,1,180,5,-50,9,7,7.5,-2,0,175,DF,1,1,1.5,0,0,0,0,0,0,-1,-1
2110,G,,Rock'n'Roll-Small Formation,Final,1,180,5,-50,9,7,7.5,-2,0,175,FM,1.5,1,2,0,0,0,0,0,0,-1,-1
2110,G,,Rock'n'Roll-Small Formation,Final,2,104,5,-35,10,10,9,0,0,175,CO,2,2,2,0,0,0,0,0,0,-1,-1
2110,G,,Rock'n'Roll-Small Formation,Final,2,104,5,-35,10,10,9,0,0,175,DF,2,1.5,1.5,0,0,0,0,0,0,-1,-1
2110,G,,Rock'n'Roll-Small Formation,Final,2,104,5,-35,10,10,9,0,0,175,FM,1.5,1.5,2,0,0,0,0,0,0,-1,-1
2110,G,,Rock'n'Roll-Small Formation,Final,3,259,5,-50,6,8,6.75,0,0,175,CO,1.5,1.5,1.5,0,0,0,0,0,0,-1,-1
2110,G,,Rock'n'Roll-Small Formation,Final,3,259,5,-50,6,8,6.75,0,0,175,DF,1,1.5,1.5,0,0,0,0,0,0,-1,-1
2110,G,,Rock'n'Roll-Small Formation,Final,3,259,5,-50,6,8,6.75,0,0,175,FM,0.5,1,1.5,0,0,0,0,0,0,-1,-1
2110,G,,Rock'n'Roll-Small Formation,Final,4,20,5,-35,5,8,8.25,0,0,175,CO,1.5,2,2,0,0,0,0,0,0,-1,-1
2110,G,,Rock'n'Roll-Small Formation,Final,4,20,5,-35,5,8,8.25,0,0,175,DF,1.5,1,1.5,0,0,0,0,0,0,-1,-1
2110,G,,Rock'n'Roll-Small Formation,Final,4,20,5,-35,5,8,8.25,0,0,175,FM,1,0.5,1,0,0,0,0,0,0,-1,-1
2111,A,,Rock'n'Roll-Small Formation Juniors,Final,1,115,1,-35,12,9,8.25,0,0,175,FM,2,2,2,0,0,0,0,0,0,-1,-1
2111,A,,Rock'n'Roll-Small Formation Juniors,Final,1,115,1,-35,12,9,8.25,0,0,175,CO,1.5,2,2,0,0,0,0,0,0,-1,-1
2111,A,,Rock'n'Roll-Small Formation Juniors,Final,1,115,1,-35,12,9,8.25,0,0,175,DF,1.5,1.5,1.5,0,0,0,0,0,0,-1,-1
2111,A,,Rock'n'Roll-Small Formation Juniors,Final,2,174,1,-15,10,11,8.25,0,0,175,CO,1.5,2,2,0,0,0,0,0,0,-1,-1
2111,A,,Rock'n'Roll-Small Formation Juniors,Final,2,174,1,-15,10,11,8.25,0,0,175,FM,1.5,2,1.5,0,0,0,0,0,0,-1,-1
2111,A,,Rock'n'Roll-Small Formation Juniors,Final,2,174,1,-15,10,11,8.25,0,0,175,DF,2,2,1.5,0,0,0,0,0,0,-1,-1
2111,A,,Rock'n'Roll-Small Formation Juniors,Final,3,151,1,-50,9,9,6.75,0,0,175,CO,1.5,1.5,1.5,0,0,0,0,0,0,-1,-1
2111,A,,Rock'n'Roll-Small Formation Juniors,Final,3,151,1,-50,9,9,6.75,0,0,175,DF,1.5,1.5,1.5,0,0,0,0,0,0,-1,-1
2111,A,,Rock'n'Roll-Small Formation Juniors,Final,3,151,1,-50,9,9,6.75,0,0,175,FM,1.5,1.5,1.5,0,0,0,0,0,0,-1,-1
2111,A,,Rock'n'Roll-Small Formation Juniors,Final,4,281,1,-25,9,10,8.25,0,0,175,CO,2,1.5,2,0,0,0,0,0,0,-1,-1
2111,A,,Rock'n'Roll-Small Formation Juniors,Final,4,281,1,-25,9,10,8.25,0,0,175,DF,2,1.5,1.5,0,0,0,0,0,0,-1,-1
2111,A,,Rock'n'Roll-Small Formation Juniors,Final,4,281,1,-25,9,10,8.25,0,0,175,FM,1.5,1.5,1.5,0,0,0,0,0,0,-1,-1
2111,A,,Rock'n'Roll-Small Formation Juniors,Final,5,158,1,-50,8,9,6,-2,0,175,CO,1.5,1.5,1,0,0,0,0,0,0,-1,-1
2111,A,,Rock'n'Roll-Small Formation Juniors,Final,5,158,1,-50,8,9,6,-2,0,175,DF,1.5,1.5,1.5,0,0,0,0,0,0,-1,-1
2111,A,,Rock'n'Roll-Small Formation Juniors,Final,5,158,1,-50,8,9,6,-2,0,175,FM,1.5,1,1.5,0,0,0,0,0,0,-1,-1
2111,A,,Rock'n'Roll-Small Formation Juniors,Final,6,105,1,-35,8,9,7.5,0,0,175,DF,1.5,1.5,1.5,0,0,0,0,0,0,-1,-1
2111,A,,Rock'n'Roll-Small Formation Juniors,Final,6,105,1,-35,8,9,7.5,0,0,175,FM,1.5,1.5,1,0,0,0,0,0,0,-1,-1
2111,A,,Rock'n'Roll-Small Formation Juniors,Final,6,105,1,-35,8,9,7.5,0,0,175,CO,1.5,1.5,2,0,0,0,0,0,0,-1,-1
2111,B,,Rock'n'Roll-Small Formation Juniors,Final,1,115,2,-35,8,6,4.5,0,0,175,DF,1,1,1,0,0,0,0,0,0,-1,-1
2111,B,,Rock'n'Roll-Small Formation Juniors,Final,1,115,2,-35,8,6,4.5,0,0,175,FM,1,1.5,1.5,0,0,0,0,0,0,-1,-1
2111,B,,Rock'n'Roll-Small Formation Juniors,Final,1,115,2,-35,8,6,4.5,0,0,175,CO,1,1,1,0,0,0,0,0,0,-1,-1
2111,B,,Rock'n'Roll-Small Formation Juniors,Final,2,174,2,-25,10,9,7.5,0,0,175,CO,1.5,2,1.5,0,0,0,0,0,0,-1,-1
2111,B,,Rock'n'Roll-Small Formation Juniors,Final,2,174,2,-25,10,9,7.5,0,0,175,DF,1.5,1.5,1.5,0,0,0,0,0,0,-1,-1
2111,B,,Rock'n'Roll-Small Formation Juniors,Final,2,174,2,-25,10,9,7.5,0,0,175,FM,1.5,2,1.5,0,0,0,0,0,0,-1,-1
2111,B,,Rock'n'Roll-Small Formation Juniors,Final,3,151,2,-35,7,6,3.75,0,0,175,CO,0.5,1,1,0,0,0,0,0,0,-1,-1
2111,B,,Rock'n'Roll-Small Formation Juniors,Final,3,151,2,-35,7,6,3.75,0,0,175,DF,1,1,1,0,0,0,0,0,0,-1,-1
2111,B,,Rock'n'Roll-Small Formation Juniors,Final,3,151,2,-35,7,6,3.75,0,0,175,FM,1,1,1.5,0,0,0,0,0,0,-1,-1
2111,B,,Rock'n'Roll-Small Formation Juniors,Final,4,281,2,-25,9,9,7.5,0,0,175,CO,1.5,2,1.5,0,0,0,0,0,0,-1,-1
2111,B,,Rock'n'Roll-Small Formation Juniors,Final,4,281,2,-25,9,9,7.5,0,0,175,DF,1.5,1.5,1.5,0,0,0,0,0,0,-1,-1
2111,B,,Rock'n'Roll-Small Formation Juniors,Final,4,281,2,-25,9,9,7.5,0,0,175,FM,1.5,1.5,1.5,0,0,0,0,0,0,-1,-1
2111,B,,Rock'n'Roll-Small Formation Juniors,Final,5,158,2,-50,6,6,4.5,0,0,175,CO,1,1,1,0,0,0,0,0,0,-1,-1
2111,B,,Rock'n'Roll-Small Formation Juniors,Final,5,158,2,-50,6,6,4.5,0,0,175,DF,1,1,1,0,0,0,0,0,0,-1,-1
2111,B,,Rock'n'Roll-Small Formation Juniors,Final,5,158,2,-50,6,6,4.5,0,0,175,FM,1,1,1,0,0,0,0,0,0,-1,-1
2111,B,,Rock'n'Roll-Small Formation Juniors,Final,6,105,2,-35,9,6,4.5,-2,0,175,CO,1,1,1,0,0,0,0,0,0,-1,-1
2111,B,,Rock'n'Roll-Small Formation Juniors,Final,6,105,2,-35,9,6,4.5,-2,0,175,DF,1,1,1,0,0,0,0,0,0,-1,-1
2111,B,,Rock'n'Roll-Small Formation Juniors,Final,6,105,2,-35,9,6,4.5,-2,0,175,FM,1.5,1.5,1.5,0,0,0,0,0,0,-1,-1
2111,C,,Rock'n'Roll-Small Formation Juniors,Final,1,115,3,-25,8,7,4.5,0,0,175,CO,1,1,1,0,0,0,0,0,0,-1,-1
2111,C,,Rock'n'Roll-Small Formation Juniors,Final,1,115,3,-25,8,7,4.5,0,0,175,DF,1,1,1.5,0,0,0,0,0,0,-1,-1
2111,C,,Rock'n'Roll-Small Formation Juniors,Final,1,115,3,-25,8,7,4.5,0,0,175,FM,1,1.5,1.5,0,0,0,0,0,0,-1,-1
2111,C,,Rock'n'Roll-Small Formation Juniors,Final,2,174,3,-25,9,7,6,0,0,175,CO,1.5,1.5,1,0,0,0,0,0,0,-1,-1
2111,C,,Rock'n'Roll-Small Formation Juniors,Final,2,174,3,-25,9,7,6,0,0,175,DF,1,1,1.5,0,0,0,0,0,0,-1,-1
2111,C,,Rock'n'Roll-Small Formation Juniors,Final,2,174,3,-25,9,7,6,0,0,175,FM,1.5,1.5,1.5,0,0,0,0,0,0,-1,-1
2111,C,,Rock'n'Roll-Small Formation Juniors,Final,3,151,3,-35,9,9,7.5,-2,0,175,FM,1.5,1.5,1.5,0,0,0,0,0,0,-1,-1
2111,C,,Rock'n'Roll-Small Formation Juniors,Final,3,151,3,-35,9,9,7.5,-2,0,175,CO,2,1.5,1.5,0,0,0,0,0,0,-1,-1
2111,C,,Rock'n'Roll-Small Formation Juniors,Final,3,151,3,-35,9,9,7.5,-2,0,175,DF,1.5,1.5,1.5,0,0,0,0,0,0,-1,-1
2111,C,,Rock'n'Roll-Small Formation Juniors,Final,4,281,3,-25,10,11,9,0,0,175,FM,1.5,2,1.5,0,0,0,0,0,0,-1,-1
2111,C,,Rock'n'Roll-Small Formation Juniors,Final,4,281,3,-25,10,11,9,0,0,175,CO,2,2,2,0,0,0,0,0,0,-1,-1
2111,C,,Rock'n'Roll-Small Formation Juniors,Final,4,281,3,-25,10,11,9,0,0,175,DF,2,2,1.5,0,0,0,0,0,0,-1,-1
2111,C,,Rock'n'Roll-Small Formation Juniors,Final,5,158,3,-35,7,8,6,-4,0,175,CO,1.5,1.5,1,0,0,0,0,0,0,-1,-1
2111,C,,Rock'n'Roll-Small Formation Juniors,Final,5,158,3,-35,7,8,6,-4,0,175,DF,1,1.5,1.5,0,0,0,0,0,0,-1,-1
2111,C,,Rock'n'Roll-Small Formation Juniors,Final,5,158,3,-35,7,8,6,-4,0,175,FM,1.5,1,1,0,0,0,0,0,0,-1,-1
2111,C,,Rock'n'Roll-Small Formation Juniors,Final,6,105,3,-35,8,9,7.5,0,0,175,CO,2,1.5,1.5,0,0,0,0,0,0,-1,-1
2111,C,,Rock'n'Roll-Small Formation Juniors,Final,6,105,3,-35,8,9,7.5,0,0,175,DF,1.5,1.5,1.5,0,0,0,0,0,0,-1,-1
2111,C,,Rock'n'Roll-Small Formation Juniors,Final,6,105,3,-35,8,9,7.5,0,0,175,FM,1,1.5,1.5,0,0,0,0,0,0,-1,-1
2111,F,,Rock'n'Roll-Small Formation Juniors,Final,1,115,4,-25,11,12,8.25,0,0,175,CO,1.5,2,2,0,0,0,0,0,0,-1,-1
2111,F,,Rock'n'Roll-Small Formation Juniors,Final,1,115,4,-25,11,12,8.25,0,0,175,DF,2,2,2,0,0,0,0,0,0,-1,-1
2111,F,,Rock'n'Roll-Small Formation Juniors,Final,1,115,4,-25,11,12,8.25,0,0,175,FM,2,1.5,2,0,0,0,0,0,0,-1,-1
2111,F,,Rock'n'Roll-Small Formation Juniors,Final,2,174,4,-25,10,10,9,0,0,175,FM,1.5,2,1.5,0,0,0,0,0,0,-1,-1
2111,F,,Rock'n'Roll-Small Formation Juniors,Final,2,174,4,-25,10,10,9,0,0,175,DF,1.5,2,1.5,0,0,0,0,0,0,-1,-1
2111,F,,Rock'n'Roll-Small Formation Juniors,Final,2,174,4,-25,10,10,9,0,0,175,CO,1.5,2,2.5,0,0,0,0,0,0,-1,-1
2111,F,,Rock'n'Roll-Small Formation Juniors,Final,3,151,4,-50,7,9,6,-2,0,175,DF,1.5,1.5,1.5,0,0,0,0,0,0,-1,-1
2111,F,,Rock'n'Roll-Small Formation Juniors,Final,3,151,4,-50,7,9,6,-2,0,175,FM,1,1.5,1,0,0,0,0,0,0,-1,-1
2111,F,,Rock'n'Roll-Small Formation Juniors,Final,3,151,4,-50,7,9,6,-2,0,175,CO,1,1,2,0,0,0,0,0,0,-1,-1
2111,F,,Rock'n'Roll-Small Formation Juniors,Final,4,281,4,-35,8,9,6.75,0,0,175,CO,1,1.5,2,0,0,0,0,0,0,-1,-1
2111,F,,Rock'n'Roll-Small Formation Juniors,Final,4,281,4,-35,8,9,6.75,0,0,175,DF,1.5,1.5,1.5,0,0,0,0,0,0,-1,-1
2111,F,,Rock'n'Roll-Small Formation Juniors,Final,4,281,4,-35,8,9,6.75,0,0,175,FM,1,1.5,1.5,0,0,0,0,0,0,-1,-1
2111,F,,Rock'n'Roll-Small Formation Juniors,Final,5,158,4,-50,8,7,5.25,0,0,175,CO,1,1,1.5,0,0,0,0,0,0,-1,-1
2111,F,,Rock'n'Roll-Small Formation Juniors,Final,5,158,4,-50,8,7,5.25,0,0,175,DF,1.5,1,1,0,0,0,0,0,0,-1,-1
2111,F,,Rock'n'Roll-Small Formation Juniors,Final,5,158,4,-50,8,7,5.25,0,0,175,FM,1,1.5,1.5,0,0,0,0,0,0,-1,-1
2111,F,,Rock'n'Roll-Small Formation Juniors,Final,6,105,4,-50,6,6,5.25,-4,0,175,CO,1,1.5,1,0,0,0,0,0,0,-1,-1
2111,F,,Rock'n'Roll-Small Formation Juniors,Final,6,105,4,-50,6,6,5.25,-4,0,175,DF,1,1,1,0,0,0,0,0,0,-1,-1
2111,F,,Rock'n'Roll-Small Formation Juniors,Final,6,105,4,-50,6,6,5.25,-4,0,175,FM,1,1,1,0,0,0,0,0,0,-1,-1
2111,G,,Rock'n'Roll-Small Formation Juniors,Final,1,115,5,-35,9,9,8.25,0,0,175,CO,1.5,2,2,0,0,0,0,0,0,-1,-1
2111,G,,Rock'n'Roll-Small Formation Juniors,Final,1,115,5,-35,9,9,8.25,0,0,175,DF,1.5,1.5,1.5,0,0,0,0,0,0,-1,-1
2111,G,,Rock'n'Roll-Small Formation Juniors,Final,1,115,5,-35,9,9,8.25,0,0,175,FM,1.5,1,2,0,0,0,0,0,0,-1,-1
2111,G,,Rock'n'Roll-Small Formation Juniors,Final,2,174,5,-25,11,11,9,0,0,175,CO,2,2,2,0,0,0,0,0,0,-1,-1
2111,G,,Rock'n'Roll-Small Formation Juniors,Final,2,174,5,-25,11,11,9,0,0,175,DF,2.5,1,2,0,0,0,0,0,0,-1,-1
2111,G,,Rock'n'Roll-Small Formation Juniors,Final,2,174,5,-25,11,11,9,0,0,175,FM,2,1.5,2,0,0,0,0,0,0,-1,-1
2111,G,,Rock'n'Roll-Small Formation Juniors,Final,3,151,5,-35,7,7,8.25,-2,0,175,CO,2,1.5,2,0,0,0,0,0,0,-1,-1
2111,G,,Rock'n'Roll-Small Formation Juniors,Final,3,151,5,-35,7,7,8.25,-2,0,175,DF,1,1,1.5,0,0,0,0,0,0,-1,-1
2111,G,,Rock'n'Roll-Small Formation Juniors,Final,3,151,5,-35,7,7,8.25,-2,0,175,FM,1.5,0.5,1.5,0,0,0,0,0,0,-1,-1
2111,G,,Rock'n'Roll-Small Formation Juniors,Final,4,281,5,-35,8,8,9,0,0,175,CO,2,2,2,0,0,0,0,0,0,-1,-1
2111,G,,Rock'n'Roll-Small Formation Juniors,Final,4,281,5,-35,8,8,9,0,0,175,DF,1.5,1,1.5,0,0,0,0,0,0,-1,-1
2111,G,,Rock'n'Roll-Small Formation Juniors,Final,4,281,5,-35,8,8,9,0,0,175,FM,1.5,0.5,2,0,0,0,0,0,0,-1,-1
2111,G,,Rock'n'Roll-Small Formation Juniors,Final,5,158,5,-50,7,7,7.5,-2,0,175,FM,1,1,1.5,0,0,0,0,0,0,-1,-1
2111,G,,Rock'n'Roll-Small Formation Juniors,Final,5,158,5,-50,7,7,7.5,-2,0,175,CO,2,1,2,0,0,0,0,0,0,-1,-1
2111,G,,Rock'n'Roll-Small Formation Juniors,Final,5,158,5,-50,7,7,7.5,-2,0,175,DF,1.5,0.5,1.5,0,0,0,0,0,0,-1,-1
2111,G,,Rock'n'Roll-Small Formation Juniors,Final,6,105,5,-50,7,7,6.75,-4,0,175,FM,1.5,0.5,1.5,0,0,0,0,0,0,-1,-1
2111,G,,Rock'n'Roll-Small Formation Juniors,Final,6,105,5,-50,7,7,6.75,-4,0,175,DF,1,1,1.5,0,0,0,0,0,0,-1,-1
2111,G,,Rock'n'Roll-Small Formation Juniors,Final,6,105,5,-50,7,7,6.75,-4,0,175,CO,1,1.5,2,0,0,0,0,0,0,-1,-1
2112,A,,Rock'n'Roll-Formation Juniors,Final,1,67,1,-35,11,10,8.25,0,0,175,CO,1.5,2,2,0,0,0,0,0,0,-1,-1
2112,A,,Rock'n'Roll-Formation Juniors,Final,1,67,1,-35,11,10,8.25,0,0,175,DF,1.5,1.5,2,0,0,0,0,0,0,-1,-1
2112,A,,Rock'n'Roll-Formation Juniors,Final,1,67,1,-35,11,10,8.25,0,0,175,FM,2,1.5,2,0,0,0,0,0,0,-1,-1
2112,A,,Rock'n'Roll-Formation Juniors,Final,2,37,1,-15,14,12,10.5,0,0,175,CO,2.5,2.5,2,0,0,0,0,0,0,-1,-1
2112,A,,Rock'n'Roll-Formation Juniors,Final,2,37,1,-15,14,12,10.5,0,0,175,DF,2,2,2,0,0,0,0,0,0,-1,-1
2112,A,,Rock'n'Roll-Formation Juniors,Final,2,37,1,-15,14,12,10.5,0,0,175,FM,2,2.5,2.5,0,0,0,0,0,0,-1,-1
2112,A,,Rock'n'Roll-Formation Juniors,Final,3,175,1,-35,9,9,6.75,-2,0,175,CO,1.5,1.5,1.5,0,0,0,0,0,0,-1,-1
2112,A,,Rock'n'Roll-Formation Juniors,Final,3,175,1,-35,9,9,6.75,-2,0,175,DF,1.5,1.5,1.5,0,0,0,0,0,0,-1,-1
2112,A,,Rock'n'Roll-Formation Juniors,Final,3,175,1,-35,9,9,6.75,-2,0,175,FM,1.5,1,2,0,0,0,0,0,0,-1,-1
2112,A,,Rock'n'Roll-Formation Juniors,Final,4,303,1,-35,9,8,9,-2,0,175,DF,1.5,1,1.5,0,0,0,0,0,0,-1,-1
2112,A,,Rock'n'Roll-Formation Juniors,Final,4,303,1,-35,9,8,9,-2,0,175,FM,1.5,1.5,1.5,0,0,0,0,0,0,-1,-1
2112,A,,Rock'n'Roll-Formation Juniors,Final,4,303,1,-35,9,8,9,-2,0,175,CO,1.5,2,2.5,0,0,0,0,0,0,-1,-1
2112,A,,Rock'n'Roll-Formation Juniors,Final,5,65,1,-25,14,11,11.25,0,0,175,DF,2,1.5,2,0,0,0,0,0,0,-1,-1
2112,A,,Rock'n'Roll-Formation Juniors,Final,5,65,1,-25,14,11,11.25,0,0,175,FM,2.5,2,2.5,0,0,0,0,0,0,-1,-1
2112,A,,Rock'n'Roll-Formation Juniors,Final,5,65,1,-25,14,11,11.25,0,0,175,CO,2,2.5,3,0,0,0,0,0,0,-1,-1
2112,A,,Rock'n'Roll-Formation Juniors,Final,6,144,1,-25,9,9,6.75,-2,0,175,CO,1.5,1.5,1.5,0,0,0,0,0,0,-1,-1
2112,A,,Rock'n'Roll-Formation Juniors,Final,6,144,1,-25,9,9,6.75,-2,0,175,DF,1.5,1.5,1.5,0,0,0,0,0,0,-1,-1
2112,A,,Rock'n'Roll-Formation Juniors,Final,6,144,1,-25,9,9,6.75,-2,0,175,FM,1.5,1.5,1.5,0,0,0,0,0,0,-1,-1
2112,B,,Rock'n'Roll-Formation Juniors,Final,1,67,2,-15,11,9,8.25,0,0,175,CO,2,2,1.5,0,0,0,0,0,0,-1,-1
2112,B,,Rock'n'Roll-Formation Juniors,Final,1,67,2,-15,11,9,8.25,0,0,175,DF,1.5,1.5,1.5,0,0,0,0,0,0,-1,-1
2112,B,,Rock'n'Roll-Formation Juniors,Final,1,67,2,-15,11,9,8.25,0,0,175,FM,1.5,2,2,0,0,0,0,0,0,-1,-1
2112,B,,Rock'n'Roll-Formation Juniors,Final,2,37,2,-15,13,10,8.25,0,0,175,FM,2,2,2.5,0,0,0,0,0,0,-1,-1
2112,B,,Rock'n'Roll-Formation Juniors,Final,2,37,2,-15,13,10,8.25,0,0,175,CO,1.5,2,2,0,0,0,0,0,0,-1,-1
2112,B,,Rock'n'Roll-Formation Juniors,Final,2,37,2,-15,13,10,8.25,0,0,175,DF,1.5,1.5,2,0,0,0,0,0,0,-1,-1
2112,B,,Rock'n'Roll-Formation Juniors,Final,3,175,2,-25,11,10,7.5,0,0,175,FM,2,2,1.5,0,0,0,0,0,0,-1,-1
2112,B,,Rock'n'Roll-Formation Juniors,Final,3,175,2,-25,11,10,7.5,0,0,175,DF,2,1.5,1.5,0,0,0,0,0,0,-1,-1
2112,B,,Rock'n'Roll-Formation Juniors,Final,3,175,2,-25,11,10,7.5,0,0,175,CO,2,1.5,1.5,0,0,0,0,0,0,-1,-1
2112,B,,Rock'n'Roll-Formation Juniors,Final,4,303,2,-15,10,10,6.75,0,0,175,CO,1.5,1.5,1.5,0,0,0,0,0,0,-1,-1
2112,B,,Rock'n'Roll-Formation Juniors,Final,4,303,2,-15,10,10,6.75,0,0,175,DF,1.5,2,1.5,0,0,0,0,0,0,-1,-1
2112,B,,Rock'n'Roll-Formation Juniors,Final,4,303,2,-15,10,10,6.75,0,0,175,FM,1.5,2,1.5,0,0,0,0,0,0,-1,-1
2112,B,,Rock'n'Roll-Formation Juniors,Final,5,65,2,-25,9,9,7.5,0,0,175,CO,1.5,2,1.5,0,0,0,0,0,0,-1,-1
2112,B,,Rock'n'Roll-Formation Juniors,Final,5,65,2,-25,9,9,7.5,0,0,175,DF,1.5,1.5,1.5,0,0,0,0,0,0,-1,-1
2112,B,,Rock'n'Roll-Formation Juniors,Final,5,65,2,-25,9,9,7.5,0,0,175,FM,1.5,1.5,1.5,0,0,0,0,0,0,-1,-1
2112,B,,Rock'n'Roll-Formation Juniors,Final,6,144,2,-25,8,8,6,0,0,175,CO,1,1.5,1.5,0,0,0,0,0,0,-1,-1
2112,B,,Rock'n'Roll-Formation Juniors,Final,6,144,2,-25,8,8,6,0,0,175,DF,1,1.5,1.5,0,0,0,0,0,0,-1,-1
2112,B,,Rock'n'Roll-Formation Juniors,Final,6,144,2,-25,8,8,6,0,0,175,FM,1,1.5,1.5,0,0,0,0,0,0,-1,-1
2112,C,,Rock'n'Roll-Formation Juniors,Final,1,67,3,-35,11,8,5.25,0,0,175,DF,1,1.5,1.5,0,0,0,0,0,0,-1,-1
2112,C,,Rock'n'Roll-Formation Juniors,Final,1,67,3,-35,11,8,5.25,0,0,175,FM,2,2,1.5,0,0,0,0,0,0,-1,-1
2112,C,,Rock'n'Roll-Formation Juniors,Final,1,67,3,-35,11,8,5.25,0,0,175,CO,1,1.5,1,0,0,0,0,0,0,-1,-1
2112,C,,Rock'n'Roll-Formation Juniors,Final,2,37,3,-10,13,11,8.25,0,0,175,DF,1.5,2,2,0,0,0,0,0,0,-1,-1
2112,C,,Rock'n'Roll-Formation Juniors,Final,2,37,3,-10,13,11,8.25,0,0,175,FM,2,2.5,2,0,0,0,0,0,0,-1,-1
2112,C,,Rock'n'Roll-Formation Juniors,Final,2,37,3,-10,13,11,8.25,0,0,175,CO,2,1.5,2,0,0,0,0,0,0,-1,-1
2112,C,,Rock'n'Roll-Formation Juniors,Final,3,175,3,-15,11,9,6.75,-2,0,175,CO,1.5,1.5,1.5,0,0,0,0,0,0,-1,-1
2112,C,,Rock'n'Roll-Formation Juniors,Final,3,175,3,-15,11,9,6.75,-2,0,175,DF,1.5,1.5,1.5,0,0,0,0,0,0,-1,-1
2112,C,,Rock'n'Roll-Formation Juniors,Final,3,175,3,-15,11,9,6.75,-2,0,175,FM,2,2,1.5,0,0,0,0,0,0,-1,-1
2112,C,,Rock'n'Roll-Formation Juniors,Final,4,303,3,-25,9,8,6.75,-4,0,175,CO,1.5,1.5,1.5,0,0,0,0,0,0,-1,-1
2112,C,,Rock'n'Roll-Formation Juniors,Final,4,303,3,-25,9,8,6.75,-4,0,175,DF,1,1.5,1.5,0,0,0,0,0,0,-1,-1
2112,C,,Rock'n'Roll-Formation Juniors,Final,4,303,3,-25,9,8,6.75,-4,0,175,FM,1.5,1.5,1.5,0,0,0,0,0,0,-1,-1
2112,C,,Rock'n'Roll-Formation Juniors,Final,5,65,3,-15,10,8,6,0,0,175,CO,1,1.5,1.5,0,0,0,0,0,0,-1,-1
2112,C,,Rock'n'Roll-Formation Juniors,Final,5,65,3,-15,10,8,6,0,0,175,DF,1,1.5,1.5,0,0,0,0,0,0,-1,-1
2112,C,,Rock'n'Roll-Formation Juniors,Final,5,65,3,-15,10,8,6,0,0,175,FM,1.5,2,1.5,0,0,0,0,0,0,-1,-1
2112,C,,Rock'n'Roll-Formation Juniors,Final,6,144,3,-15,9,9,7.5,0,0,175,CO,1.5,2,1.5,0,0,0,0,0,0,-1,-1
2112,C,,Rock'n'Roll-Formation Juniors,Final,6,144,3,-15,9,9,7.5,0,0,175,DF,1.5,1.5,1.5,0,0,0,0,0,0,-1,-1
2112,C,,Rock'n'Roll-Formation Juniors,Final,6,144,3,-15,9,9,7.5,0,0,175,FM,1.5,1.5,1.5,0,0,0,0,0,0,-1,-1
2112,F,,Rock'n'Roll-Formation Juniors,Final,1,67,4,-25,9,9,6.75,0,0,175,CO,1.5,1.5,1.5,0,0,0,0,0,0,-1,-1
2112,F,,Rock'n'Roll-Formation Juniors,Final,1,67,4,-25,9,9,6.75,0,0,175,DF,1,2,1.5,0,0,0,0,0,0,-1,-1
2112,F,,Rock'n'Roll-Formation Juniors,Final,1,67,4,-25,9,9,6.75,0,0,175,FM,1.5,1.5,1.5,0,0,0,0,0,0,-1,-1
2112,F,,Rock'n'Roll-Formation Juniors,Final,2,37,4,-10,10,9,7.5,0,0,175,CO,1.5,2,1.5,0,0,0,0,0,0,-1,-1
2112,F,,Rock'n'Roll-Formation Juniors,Final,2,37,4,-10,10,9,7.5,0,0,175,DF,1.5,2,1,0,0,0,0,0,0,-1,-1
2112,F,,Rock'n'Roll-Formation Juniors,Final,2,37,4,-10,10,9,7.5,0,0,175,FM,1.5,2,1.5,0,0,0,0,0,0,-1,-1
2112,F,,Rock'n'Roll-Formation Juniors,Final,3,175,4,-35,6,7,6.75,-4,0,175,CO,1.5,1.5,1.5,0,0,0,0,0,0,-1,-1
2112,F,,Rock'n'Roll-Formation Juniors,Final,3,175,4,-35,6,7,6.75,-4,0,175,DF,1,1,1.5,0,0,0,0,0,0,-1,-1
2112,F,,Rock'n'Roll-Formation Juniors,Final,3,175,4,-35,6,7,6.75,-4,0,175,FM,1,1,1,0,0,0,0,0,0,-1,-1
2112,F,,Rock'n'Roll-Formation Juniors,Final,4,303,4,-35,9,10,6.75,-2,0,175,FM,1.5,1.5,1.5,0,0,0,0,0,0,-1,-1
2112,F,,Rock'n'Roll-Formation Juniors,Final,4,303,4,-35,9,10,6.75,-2,0,175,CO,1,1.5,2,0,0,0,0,0,0,-1,-1
2112,F,,Rock'n'Roll-Formation Juniors,Final,4,303,4,-35,9,10,6.75,-2,0,175,DF,1.5,2,1.5,0,0,0,0,0,0,-1,-1
2112,F,,Rock'n'Roll-Formation Juniors,Final,5,65,4,-35,7,9,7.5,0,0,175,FM,1,1.5,1,0,0,0,0,0,0,-1,-1
2112,F,,Rock'n'Roll-Formation Juniors,Final,5,65,4,-35,7,9,7.5,0,0,175,CO,1,2,2,0,0,0,0,0,0,-1,-1
2112,F,,Rock'n'Roll-Formation Juniors,Final,5,65,4,-35,7,9,7.5,0,0,175,DF,1.5,1.5,1.5,0,0,0,0,0,0,-1,-1
2112,F,,Rock'n'Roll-Formation Juniors,Final,6,144,4,-35,7,8,6,0,0,175,CO,1,2,1,0,0,0,0,0,0,-1,-1
2112,F,,Rock'n'Roll-Formation Juniors,Final,6,144,4,-35,7,8,6,0,0,175,DF,1.5,1.5,1,0,0,0,0,0,0,-1,-1
2112,F,,Rock'n'Roll-Formation Juniors,Final,6,144,4,-35,7,8,6,0,0,175,FM,1,1,1.5,0,0,0,0,0,0,-1,-1
2112,G,,Rock'n'Roll-Formation Juniors,Final,1,67,5,-35,8,7,8.25,-6,0,175,CO,1.5,2,2,0,0,0,0,0,0,-1,-1
2112,G,,Rock'n'Roll-Formation Juniors,Final,1,67,5,-35,8,7,8.25,-6,0,175,DF,1,1,1.5,0,0,0,0,0,0,-1,-1
2112,G,,Rock'n'Roll-Formation Juniors,Final,1,67,5,-35,8,7,8.25,-6,0,175,FM,1.5,1,1.5,0,0,0,0,0,0,-1,-1
2112,G,,Rock'n'Roll-Formation Juniors,Final,2,37,5,-15,11,11,9,0,0,175,CO,2,2,2,0,0,0,0,0,0,-1,-1
2112,G,,Rock'n'Roll-Formation Juniors,Final,2,37,5,-15,11,11,9,0,0,175,DF,2,1.5,2,0,0,0,0,0,0,-1,-1
2112,G,,Rock'n'Roll-Formation Juniors,Final,2,37,5,-15,11,11,9,0,0,175,FM,2,1.5,2,0,0,0,0,0,0,-1,-1
2112,G,,Rock'n'Roll-Formation Juniors,Final,3,175,5,-35,8,8,7.5,-2,0,175,DF,1.5,1,1.5,0,0,0,0,0,0,-1,-1
2112,G,,Rock'n'Roll-Formation Juniors,Final,3,175,5,-35,8,8,7.5,-2,0,175,FM,1.5,0.5,2,0,0,0,0,0,0,-1,-1
2112,G,,Rock'n'Roll-Formation Juniors,Final,3,175,5,-35,8,8,7.5,-2,0,175,CO,1.5,1.5,2,0,0,0,0,0,0,-1,-1
2112,G,,Rock'n'Roll-Formation Juniors,Final,4,303,5,-50,10,8,8.25,-2,0,175,CO,1.5,2,2,0,0,0,0,0,0,-1,-1
2112,G,,Rock'n'Roll-Formation Juniors,Final,4,303,5,-50,10,8,8.25,-2,0,175,DF,1.5,1,1.5,0,0,0,0,0,0,-1,-1
2112,G,,Rock'n'Roll-Formation Juniors,Final,4,303,5,-50,10,8,8.25,-2,0,175,FM,1.5,1.5,2,0,0,0,0,0,0,-1,-1
2112,G,,Rock'n'Roll-Formation Juniors,Final,5,65,5,-25,11,11,9,0,0,175,CO,2,2,2,0,0,0,0,0,0,-1,-1
2112,G,,Rock'n'Roll-Formation Juniors,Final,5,65,5,-25,11,11,9,0,0,175,DF,2,1.5,2,0,0,0,0,0,0,-1,-1
2112,G,,Rock'n'Roll-Formation Juniors,Final,5,65,5,-25,11,11,9,0,0,175,FM,2,1.5,2,0,0,0,0,0,0,-1,-1
2112,G,,Rock'n'Roll-Formation Juniors,Final,6,144,5,-35,10,9,9,0,0,175,CO,2,2,2,0,0,0,0,0,0,-1,-1
2112,G,,Rock'n'Roll-Formation Juniors,Final,6,144,5,-35,10,9,9,0,0,175,DF,2,1,1.5,0,0,0,0,0,0,-1,-1
2112,G,,Rock'n'Roll-Formation Juniors,Final,6,144,5,-35,10,9,9,0,0,175,FM,1.5,1.5,2,0,0,0,0,0,0,-1,-1
2117,A,F,Rock'n'Roll-Main Class Contact Style,Final - Foot technique,1,28,1,-62.5,3.75,6.25,5.5,0,0,175,CO,1.5,2,2,0,0,0,0,0,0,-1,-1
2117,A,F,Rock'n'Roll-Main Class Contact Style,Final - Foot technique,1,28,1,-62.5,3.75,6.25,5.5,0,0,175,DF,2,1.5,1.5,0,0,0,0,0,0,-1,-1
2117,A,F,Rock'n'Roll-Main Class Contact Style,Final - Foot technique,2,430,1,-57.5,4.5,8.125,6.5,0,0,175,CO,2,2.5,2,0,0,0,0,0,0,-1,-1
2117,A,F,Rock'n'Roll-Main Class Contact Style,Final - Foot technique,2,430,1,-57.5,4.5,8.125,6.5,0,0,175,DF,2,2.5,2,0,0,0,0,0,0,-1,-1
2117,A,F,Rock'n'Roll-Main Class Contact Style,Final - Foot technique,3,283,1,-67.5,3.25,5.625,4.5,0,0,175,DF,1.5,1.5,1.5,0,0,0,0,0,0,-1,-1
2117,A,F,Rock'n'Roll-Main Class Contact Style,Final - Foot technique,3,283,1,-67.5,3.25,5.625,4.5,0,0,175,CO,1.5,1.5,1.5,0,0,0,0,0,0,-1,-1
2117,A,F,Rock'n'Roll-Main Class Contact Style,Final - Foot technique,4,179,1,-62.5,4.25,7.5,6,0,0,175,CO,2,2,2,0,0,0,0,0,0,-1,-1
2117,A,F,Rock'n'Roll-Main Class Contact Style,Final - Foot technique,4,179,1,-62.5,4.25,7.5,6,0,0,175,DF,2,2,2,0,0,0,0,0,0,-1,-1
2117,A,F,Rock'n'Roll-Main Class Contact Style,Final - Foot technique,5,494,1,-55,4.5,7.5,5.5,0,0,175,CO,2,1.5,2,0,0,0,0,0,0,-1,-1
2117,A,F,Rock'n'Roll-Main Class Contact Style,Final - Foot technique,5,494,1,-55,4.5,7.5,5.5,0,0,175,DF,2,2,2,0,0,0,0,0,0,-1,-1
2117,A,F,Rock'n'Roll-Main Class Contact Style,Final - Foot technique,6,236,1,-67.5,3.25,5.625,7,0,0,175,CO,2,2.5,2.5,0,0,0,0,0,0,-1,-1
2117,A,F,Rock'n'Roll-Main Class Contact Style,Final - Foot technique,6,236,1,-67.5,3.25,5.625,7,0,0,175,DF,1.5,1.5,1.5,0,0,0,0,0,0,-1,-1
2117,B,F,Rock'n'Roll-Main Class Contact Style,Final - Foot technique,1,28,2,-57.5,4.25,6.875,4.5,0,0,175,CO,1.5,1.5,1.5,0,0,0,0,0,0,-1,-1
2117,B,F,Rock'n'Roll-Main Class Contact Style,Final - Foot technique,1,28,2,-57.5,4.25,6.875,4.5,0,0,175,DF,1.5,2,2,0,0,0,0,0,0,-1,-1
2117,B,F,Rock'n'Roll-Main Class Contact Style,Final - Foot technique,2,430,2,-57.5,3.75,6.875,5,0,0,175,CO,1.5,2,1.5,0,0,0,0,0,0,-1,-1
2117,B,F,Rock'n'Roll-Main Class Contact Style,Final - Foot technique,2,430,2,-57.5,3.75,6.875,5,0,0,175,DF,1.5,2.5,1.5,0,0,0,0,0,0,-1,-1
2117,B,F,Rock'n'Roll-Main Class Contact Style,Final - Foot technique,3,283,2,-57.5,3.75,5.625,3.5,0,0,175,CO,1,1.5,1,0,0,0,0,0,0,-1,-1
2117,B,F,Rock'n'Roll-Main Class Contact Style,Final - Foot technique,3,283,2,-57.5,3.75,5.625,3.5,0,0,175,DF,1.5,1.5,1.5,0,0,0,0,0,0,-1,-1
2117,B,F,Rock'n'Roll-Main Class Contact Style,Final - Foot technique,4,179,2,-57.5,4.25,6.875,5.5,0,0,175,CO,2,2,1.5,0,0,0,0,0,0,-1,-1
2117,B,F,Rock'n'Roll-Main Class Contact Style,Final - Foot technique,4,179,2,-57.5,4.25,6.875,5.5,0,0,175,DF,1.5,2,2,0,0,0,0,0,0,-1,-1
2117,B,F,Rock'n'Roll-Main Class Contact Style,Final - Foot technique,5,494,2,-57.5,4.25,6.25,4.5,0,0,175,CO,1.5,1.5,1.5,0,0,0,0,0,0,-1,-1
2117,B,F,Rock'n'Roll-Main Class Contact Style,Final - Foot technique,5,494,2,-57.5,4.25,6.25,4.5,0,0,175,DF,1.5,2,1.5,0,0,0,0,0,0,-1,-1
2117,B,F,Rock'n'Roll-Main Class Contact Style,Final - Foot technique,6,236,2,-57.5,4.25,5,4,0,0,175,CO,1.5,1.5,1,0,0,0,0,0,0,-1,-1
2117,B,F,Rock'n'Roll-Main Class Contact Style,Final - Foot technique,6,236,2,-57.5,4.25,5,4,0,0,175,DF,1,1.5,1.5,0,0,0,0,0,0,-1,-1
2117,C,F,Rock'n'Roll-Main Class Contact Style,Final - Foot technique,1,28,3,-57.5,3.75,5,4.5,0,0,175,CO,1.5,1.5,1.5,0,0,0,0,0,0,-1,-1
2117,C,F,Rock'n'Roll-Main Class Contact Style,Final - Foot technique,1,28,3,-57.5,3.75,5,4.5,0,0,175,DF,1,1.5,1.5,0,0,0,0,0,0,-1,-1
2117,C,F,Rock'n'Roll-Main Class Contact Style,Final - Foot technique,2,430,3,-62.5,3.75,6.25,5.5,0,0,175,CO,1.5,2,2,0,0,0,0,0,0,-1,-1
2117,C,F,Rock'n'Roll-Main Class Contact Style,Final - Foot technique,2,430,3,-62.5,3.75,6.25,5.5,0,0,175,DF,1.5,2,1.5,0,0,0,0,0,0,-1,-1
2117,C,F,Rock'n'Roll-Main Class Contact Style,Final - Foot technique,3,283,3,-62.5,3.25,5.625,4.5,0,0,175,CO,1.5,1.5,1.5,0,0,0,0,0,0,-1,-1
2117,C,F,Rock'n'Roll-Main Class Contact Style,Final - Foot technique,3,283,3,-62.5,3.25,5.625,4.5,0,0,175,DF,1.5,1.5,1.5,0,0,0,0,0,0,-1,-1
2117,C,F,Rock'n'Roll-Main Class Contact Style,Final - Foot technique,4,179,3,-62.5,3.75,6.25,5,0,0,175,CO,1.5,2,1.5,0,0,0,0,0,0,-1,-1
2117,C,F,Rock'n'Roll-Main Class Contact Style,Final - Foot technique,4,179,3,-62.5,3.75,6.25,5,0,0,175,DF,1.5,2,1.5,0,0,0,0,0,0,-1,-1
2117,C,F,Rock'n'Roll-Main Class Contact Style,Final - Foot technique,5,494,3,-57.5,4.5,6.875,5.5,0,0,175,DF,2,2,1.5,0,0,0,0,0,0,-1,-1
2117,C,F,Rock'n'Roll-Main Class Contact Style,Final - Foot technique,5,494,3,-57.5,4.5,6.875,5.5,0,0,175,CO,1.5,2,2,0,0,0,0,0,0,-1,-1
2117,C,F,Rock'n'Roll-Main Class Contact Style,Final - Foot technique,6,236,3,-62.5,3.75,5.625,4.5,0,0,175,CO,1.5,2,1,0,0,0,0,0,0,-1,-1
2117,C,F,Rock'n'Roll-Main Class Contact Style,Final - Foot technique,6,236,3,-62.5,3.75,5.625,4.5,0,0,175,DF,1.5,1.5,1.5,0,0,0,0,0,0,-1,-1
2117,D,F,Rock'n'Roll-Main Class Contact Style,Final - Foot technique,1,28,4,-52.5,4.5,8.75,7.5,0,0,175,CO,2.5,2.5,2.5,0,0,0,0,0,0,-1,-1
2117,D,F,Rock'n'Roll-Main Class Contact Style,Final - Foot technique,1,28,4,-52.5,4.5,8.75,7.5,0,0,175,DF,2,2.5,2.5,0,0,0,0,0,0,-1,-1
2117,D,F,Rock'n'Roll-Main Class Contact Style,Final - Foot technique,2,430,4,-52.5,4.75,10,7.5,0,0,175,CO,2.5,2.5,2.5,0,0,0,0,0,0,-1,-1
2117,D,F,Rock'n'Roll-Main Class Contact Style,Final - Foot technique,2,430,4,-52.5,4.75,10,7.5,0,0,175,DF,2.5,2.5,3,0,0,0,0,0,0,-1,-1
2117,D,F,Rock'n'Roll-Main Class Contact Style,Final - Foot technique,3,283,4,-57.5,4.25,6.875,7.5,0,0,175,CO,2.5,2.5,2.5,0,0,0,0,0,0,-1,-1
2117,D,F,Rock'n'Roll-Main Class Contact Style,Final - Foot technique,3,283,4,-57.5,4.25,6.875,7.5,0,0,175,DF,1.5,2,2,0,0,0,0,0,0,-1,-1
2117,D,F,Rock'n'Roll-Main Class Contact Style,Final - Foot technique,4,179,4,-52.5,5,10,7.5,0,0,175,CO,2.5,2.5,2.5,0,0,0,0,0,0,-1,-1
2117,D,F,Rock'n'Roll-Main Class Contact Style,Final - Foot technique,4,179,4,-52.5,5,10,7.5,0,0,175,DF,2.5,2.5,3,0,0,0,0,0,0,-1,-1
2117,D,F,Rock'n'Roll-Main Class Contact Style,Final - Foot technique,5,494,4,-52.5,5,10,8,0,0,175,CO,2.5,2.5,3,0,0,0,0,0,0,-1,-1
2117,D,F,Rock'n'Roll-Main Class Contact Style,Final - Foot technique,5,494,4,-52.5,5,10,8,0,0,175,DF,3,2.5,2.5,0,0,0,0,0,0,-1,-1
2117,D,F,Rock'n'Roll-Main Class Contact Style,Final - Foot technique,6,236,4,-57.5,4.75,8.125,8,0,0,175,DF,2,2,2.5,0,0,0,0,0,0,-1,-1
2117,D,F,Rock'n'Roll-Main Class Contact Style,Final - Foot technique,6,236,4,-57.5,4.75,8.125,8,0,0,175,CO,2.5,3,2.5,0,0,0,0,0,0,-1,-1
2117,E,F,Rock'n'Roll-Main Class Contact Style,Final - Foot technique,1,28,5,-62.5,3.75,5.625,4,0,0,175,CO,1,1.5,1.5,0,0,0,0,0,0,-1,-1
2117,E,F,Rock'n'Roll-Main Class Contact Style,Final - Foot technique,1,28,5,-62.5,3.75,5.625,4,0,0,175,DF,1.5,1,2,0,0,0,0,0,0,-1,-1
2117,E,F,Rock'n'Roll-Main Class Contact Style,Final - Foot technique,2,430,5,-62.5,4.25,7.5,5.5,0,0,175,CO,2,2,1.5,0,0,0,0,0,0,-1,-1
2117,E,F,Rock'n'Roll-Main Class Contact Style,Final - Foot technique,2,430,5,-62.5,4.25,7.5,5.5,0,0,175,DF,2,2,2,0,0,0,0,0,0,-1,-1
2117,E,F,Rock'n'Roll-Main Class Contact Style,Final - Foot technique,3,283,5,-67.5,3.75,3.75,3.5,0,0,175,CO,1,1,1.5,0,0,0,0,0,0,-1,-1
2117,E,F,Rock'n'Roll-Main Class Contact Style,Final - Foot technique,3,283,5,-67.5,3.75,3.75,3.5,0,0,175,DF,1,1,1,0,0,0,0,0,0,-1,-1
2117,E,F,Rock'n'Roll-Main Class Contact Style,Final - Foot technique,4,179,5,-62.5,4.5,8.75,5.5,0,0,175,CO,2,1.5,2,0,0,0,0,0,0,-1,-1
2117,E,F,Rock'n'Roll-Main Class Contact Style,Final - Foot technique,4,179,5,-62.5,4.5,8.75,5.5,0,0,175,DF,2.5,2.5,2,0,0,0,0,0,0,-1,-1
2117,E,F,Rock'n'Roll-Main Class Contact Style,Final - Foot technique,5,494,5,-55,4.75,8.75,6,0,0,175,CO,2.5,1.5,2,0,0,0,0,0,0,-1,-1
2117,E,F,Rock'n'Roll-Main Class Contact Style,Final - Foot technique,5,494,5,-55,4.75,8.75,6,0,0,175,DF,2.5,2,2.5,0,0,0,0,0,0,-1,-1
2117,E,F,Rock'n'Roll-Main Class Contact Style,Final - Foot technique,6,236,5,-75,3.25,3.75,5.5,0,0,175,CO,1,2.5,2,0,0,0,0,0,0,-1,-1
2117,E,F,Rock'n'Roll-Main Class Contact Style,Final - Foot technique,6,236,5,-75,3.25,3.75,5.5,0,0,175,DF,0.5,1.5,1,0,0,0,0,0,0,-1,-1
2117,F,F,Rock'n'Roll-Main Class Contact Style,Final - Foot technique,1,28,6,-50,5,8.75,7.5,0,0,175,DF,2,3,2,0,0,0,0,0,0,-1,-1
2117,F,F,Rock'n'Roll-Main Class Contact Style,Final - Foot technique,1,28,6,-50,5,8.75,7.5,0,0,175,CO,2.5,2.5,2.5,0,0,0,0,0,0,-1,-1
2117,F,F,Rock'n'Roll-Main Class Contact Style,Final - Foot technique,2,430,6,-62.5,3.75,5,4,0,0,175,CO,1,1.5,1.5,0,0,0,0,0,0,-1,-1
2117,F,F,Rock'n'Roll-Main Class Contact Style,Final - Foot technique,2,430,6,-62.5,3.75,5,4,0,0,175,DF,1,2,1,0,0,0,0,0,0,-1,-1
2117,F,F,Rock'n'Roll-Main Class Contact Style,Final - Foot technique,3,283,6,-67.5,3.25,3.75,3,0,0,175,CO,1,1,1,0,0,0,0,0,0,-1,-1
2117,F,F,Rock'n'Roll-Main Class Contact Style,Final - Foot technique,3,283,6,-67.5,3.25,3.75,3,0,0,175,DF,1,1,1,0,0,0,0,0,0,-1,-1
2117,F,F,Rock'n'Roll-Main Class Contact Style,Final - Foot technique,4,179,6,-62.5,4.25,4.375,3,0,0,175,CO,1,1,1,0,0,0,0,0,0,-1,-1
2117,F,F,Rock'n'Roll-Main Class Contact Style,Final - Foot technique,4,179,6,-62.5,4.25,4.375,3,0,0,175,DF,0.5,2,1,0,0,0,0,0,0,-1,-1
2117,F,F,Rock'n'Roll-Main Class Contact Style,Final - Foot technique,5,494,6,-55,5,7.5,4,0,0,175,CO,1,1.5,1.5,0,0,0,0,0,0,-1,-1
2117,F,F,Rock'n'Roll-Main Class Contact Style,Final - Foot technique,5,494,6,-55,5,7.5,4,0,0,175,DF,2,3,1,0,0,0,0,0,0,-1,-1
2117,F,F,Rock'n'Roll-Main Class Contact Style,Final - Foot technique,6,236,6,-67.5,2.5,3.75,4.5,0,0,175,CO,1,2,1.5,0,0,0,0,0,0,-1,-1
2117,F,F,Rock'n'Roll-Main Class Contact Style,Final - Foot technique,6,236,6,-67.5,2.5,3.75,4.5,0,0,175,DF,1,1,1,0,0,0,0,0,0,-1,-1
2117,G,F,Rock'n'Roll-Main Class Contact Style,Final - Foot technique,1,28,7,-57.5,3.75,6.25,6,0,0,175,CO,2,2,2,0,0,0,0,0,0,-1,-1
2117,G,F,Rock'n'Roll-Main Class Contact Style,Final - Foot technique,1,28,7,-57.5,3.75,6.25,6,0,0,175,DF,2,1,2,0,0,0,0,0,0,-1,-1
2117,G,F,Rock'n'Roll-Main Class Contact Style,Final - Foot technique,2,430,7,-55,4.5,8.125,6.5,0,0,175,CO,2,2.5,2,0,0,0,0,0,0,-1,-1
2117,G,F,Rock'n'Roll-Main Class Contact Style,Final - Foot technique,2,430,7,-55,4.5,8.125,6.5,0,0,175,DF,2.5,2,2,0,0,0,0,0,0,-1,-1
2117,G,F,Rock'n'Roll-Main Class Contact Style,Final - Foot technique,3,283,7,-67.5,3.25,5.625,5,0,0,175,CO,1.5,1.5,2,0,0,0,0,0,0,-1,-1
2117,G,F,Rock'n'Roll-Main Class Contact Style,Final - Foot technique,3,283,7,-67.5,3.25,5.625,5,0,0,175,DF,1.5,1.5,1.5,0,0,0,0,0,0,-1,-1
2117,G,F,Rock'n'Roll-Main Class Contact Style,Final - Foot technique,4,179,7,-55,4.75,8.125,7,0,0,175,CO,2.5,2.5,2,0,0,0,0,0,0,-1,-1
2117,G,F,Rock'n'Roll-Main Class Contact Style,Final - Foot technique,4,179,7,-55,4.75,8.125,7,0,0,175,DF,2,2.5,2,0,0,0,0,0,0,-1,-1
2117,G,F,Rock'n'Roll-Main Class Contact Style,Final - Foot technique,5,494,7,-55,4.5,9.375,6,0,0,175,CO,2.5,1.5,2,0,0,0,0,0,0,-1,-1
2117,G,F,Rock'n'Roll-Main Class Contact Style,Final - Foot technique,5,494,7,-55,4.5,9.375,6,0,0,175,DF,2.5,2.5,2.5,0,0,0,0,0,0,-1,-1
2117,G,F,Rock'n'Roll-Main Class Contact Style,Final - Foot technique,6,236,7,-62.5,3.25,6.25,6,0,0,175,CO,2,2,2,0,0,0,0,0,0,-1,-1
2117,G,F,Rock'n'Roll-Main Class Contact Style,Final - Foot technique,6,236,7,-62.5,3.25,6.25,6,0,0,175,DF,1.5,1.5,2,0,0,0,0,0,0,-1,-1
2118,A,F,Rock'n'Roll-Main Class Free Style,Final - Foot technique,1,172,1,-62.5,3.75,6.25,5,0,0,175,CO,1.5,2,1.5,0,0,0,0,0,0,-1,-1
2118,A,F,Rock'n'Roll-Main Class Free Style,Final - Foot technique,1,172,1,-62.5,3.75,6.25,5,0,0,175,DF,1.5,2,1.5,0,0,0,0,0,0,-1,-1
2118,A,F,Rock'n'Roll-Main Class Free Style,Final - Foot technique,2,363,1,-57.5,4.5,7.5,6.5,0,0,175,CO,2,2,2.5,0,0,0,0,0,0,-1,-1
2118,A,F,Rock'n'Roll-Main Class Free Style,Final - Foot technique,2,363,1,-57.5,4.5,7.5,6.5,0,0,175,DF,2,2,2,0,0,0,0,0,0,-1,-1
2118,A,F,Rock'n'Roll-Main Class Free Style,Final - Foot technique,3,8,1,-55,3.75,6.25,5,0,0,175,DF,1.5,1.5,2,0,0,0,0,0,0,-1,-1
2118,A,F,Rock'n'Roll-Main Class Free Style,Final - Foot technique,3,8,1,-55,3.75,6.25,5,0,0,175,CO,1.5,2,1.5,0,0,0,0,0,0,-1,-1
2118,B,F,Rock'n'Roll-Main Class Free Style,Final - Foot technique,1,172,2,-62.5,3.25,5,4.5,0,0,175,CO,1.5,1.5,1.5,0,0,0,0,0,0,-1,-1
2118,B,F,Rock'n'Roll-Main Class Free Style,Final - Foot technique,1,172,2,-62.5,3.25,5,4.5,0,0,175,DF,1,1.5,1.5,0,0,0,0,0,0,-1,-1
2118,B,F,Rock'n'Roll-Main Class Free Style,Final - Foot technique,2,363,2,-62.5,4.25,5.625,5,0,0,175,CO,2,1.5,1.5,0,0,0,0,0,0,-1,-1
2118,B,F,Rock'n'Roll-Main Class Free Style,Final - Foot technique,2,363,2,-62.5,4.25,5.625,5,0,0,175,DF,1.5,1.5,1.5,0,0,0,0,0,0,-1,-1
2118,B,F,Rock'n'Roll-Main Class Free Style,Final - Foot technique,3,8,2,-57.5,3.75,6.875,5,0,0,175,CO,2,1.5,1.5,0,0,0,0,0,0,-1,-1
2118,B,F,Rock'n'Roll-Main Class Free Style,Final - Foot technique,3,8,2,-57.5,3.75,6.875,5,0,0,175,DF,2,1.5,2,0,0,0,0,0,0,-1,-1
2118,C,F,Rock'n'Roll-Main Class Free Style,Final - Foot technique,1,172,3,-67.5,3.25,4.375,3.5,0,0,175,CO,1,1.5,1,0,0,0,0,0,0,-1,-1
2118,C,F,Rock'n'Roll-Main Class Free Style,Final - Foot technique,1,172,3,-67.5,3.25,4.375,3.5,0,0,175,DF,1,1.5,1,0,0,0,0,0,0,-1,-1
2118,C,F,Rock'n'Roll-Main Class Free Style,Final - Foot technique,2,363,3,-62.5,3.75,5,4,0,0,175,CO,1.5,1.5,1,0,0,0,0,0,0,-1,-1
2118,C,F,Rock'n'Roll-Main Class Free Style,Final - Foot technique,2,363,3,-62.5,3.75,5,4,0,0,175,DF,1,1.5,1.5,0,0,0,0,0,0,-1,-1
2118,C,F,Rock'n'Roll-Main Class Free Style,Final - Foot technique,3,8,3,-67.5,3.75,5.625,4.5,0,0,175,CO,1.5,1.5,1.5,0,0,0,0,0,0,-1,-1
2118,C,F,Rock'n'Roll-Main Class Free Style,Final - Foot technique,3,8,3,-67.5,3.75,5.625,4.5,0,0,175,DF,1,1.5,2,0,0,0,0,0,0,-1,-1
2118,D,F,Rock'n'Roll-Main Class Free Style,Final - Foot technique,1,172,4,-52.5,4.75,7.5,7,0,0,175,CO,2.5,2.5,2,0,0,0,0,0,0,-1,-1
2118,D,F,Rock'n'Roll-Main Class Free Style,Final - Foot technique,1,172,4,-52.5,4.75,7.5,7,0,0,175,DF,1.5,2.5,2,0,0,0,0,0,0,-1,-1
2118,D,F,Rock'n'Roll-Main Class Free Style,Final - Foot technique,2,363,4,-52.5,4.75,10.625,8.5,0,0,175,CO,3,2.5,3,0,0,0,0,0,0,-1,-1
2118,D,F,Rock'n'Roll-Main Class Free Style,Final - Foot technique,2,363,4,-52.5,4.75,10.625,8.5,0,0,175,DF,3,2.5,3,0,0,0,0,0,0,-1,-1
2118,D,F,Rock'n'Roll-Main Class Free Style,Final - Foot technique,3,8,4,-55,4.25,7.5,7,0,0,175,CO,2,2.5,2.5,0,0,0,0,0,0,-1,-1
2118,D,F,Rock'n'Roll-Main Class Free Style,Final - Foot technique,3,8,4,-55,4.25,7.5,7,0,0,175,DF,2,2,2,0,0,0,0,0,0,-1,-1
2118,E,F,Rock'n'Roll-Main Class Free Style,Final - Foot technique,1,172,5,-62.5,3.25,3.75,4.5,0,0,175,CO,1.5,1.5,1.5,0,0,0,0,0,0,-1,-1
2118,E,F,Rock'n'Roll-Main Class Free Style,Final - Foot technique,1,172,5,-62.5,3.25,3.75,4.5,0,0,175,DF,0.5,1.5,1,0,0,0,0,0,0,-1,-1
2118,E,F,Rock'n'Roll-Main Class Free Style,Final - Foot technique,2,363,5,-57.5,4.5,7.5,5.5,0,0,175,CO,2,1.5,2,0,0,0,0,0,0,-1,-1
2118,E,F,Rock'n'Roll-Main Class Free Style,Final - Foot technique,2,363,5,-57.5,4.5,7.5,5.5,0,0,175,DF,2,1.5,2.5,0,0,0,0,0,0,-1,-1
2118,E,F,Rock'n'Roll-Main Class Free Style,Final - Foot technique,3,8,5,-67.5,3.25,4.375,4.5,0,0,175,CO,1,2,1.5,0,0,0,0,0,0,-1,-1
2118,E,F,Rock'n'Roll-Main Class Free Style,Final - Foot technique,3,8,5,-67.5,3.25,4.375,4.5,0,0,175,DF,1,1,1.5,0,0,0,0,0,0,-1,-1
2118,F,F,Rock'n'Roll-Main Class Free Style,Final - Foot technique,1,172,6,-62.5,3.25,3.75,3,0,0,175,CO,1,1,1,0,0,0,0,0,0,-1,-1
2118,F,F,Rock'n'Roll-Main Class Free Style,Final - Foot technique,1,172,6,-62.5,3.25,3.75,3,0,0,175,DF,1,1,1,0,0,0,0,0,0,-1,-1
2118,F,F,Rock'n'Roll-Main Class Free Style,Final - Foot technique,2,363,6,-67.5,4.5,5,3.5,0,0,175,DF,1,2,1,0,0,0,0,0,0,-1,-1
2118,F,F,Rock'n'Roll-Main Class Free Style,Final - Foot technique,2,363,6,-67.5,4.5,5,3.5,0,0,175,CO,1.5,1,1,0,0,0,0,0,0,-1,-1
2118,F,F,Rock'n'Roll-Main Class Free Style,Final - Foot technique,3,8,6,-62.5,3.25,3.75,3.5,0,0,175,CO,1,1.5,1,0,0,0,0,0,0,-1,-1
2118,F,F,Rock'n'Roll-Main Class Free Style,Final - Foot technique,3,8,6,-62.5,3.25,3.75,3.5,0,0,175,DF,1,1,1,0,0,0,0,0,0,-1,-1
2118,G,F,Rock'n'Roll-Main Class Free Style,Final - Foot technique,1,172,7,-62.5,3.25,5.625,5,0,0,175,CO,1.5,2,1.5,0,0,0,0,0,0,-1,-1
2118,G,F,Rock'n'Roll-Main Class Free Style,Final - Foot technique,1,172,7,-62.5,3.25,5.625,5,0,0,175,DF,1.5,1.5,1.5,0,0,0,0,0,0,-1,-1
2118,G,F,Rock'n'Roll-Main Class Free Style,Final - Foot technique,2,363,7,-55,4.5,6.875,6.5,0,0,175,CO,2.5,2,2,0,0,0,0,0,0,-1,-1
2118,G,F,Rock'n'Roll-Main Class Free Style,Final - Foot technique,2,363,7,-55,4.5,6.875,6.5,0,0,175,DF,2,1.5,2,0,0,0,0,0,0,-1,-1
2118,G,F,Rock'n'Roll-Main Class Free Style,Final - Foot technique,3,8,7,-57.5,3.25,6.25,5.5,0,0,175,CO,1.5,2,2,0,0,0,0,0,0,-1,-1
2118,G,F,Rock'n'Roll-Main Class Free Style,Final - Foot technique,3,8,7,-57.5,3.25,6.25,5.5,0,0,175,DF,1.5,2,1.5,0,0,0,0,0,0,-1,-1
2122,A,F,Rock'n'Roll-Main Class Start,Final,1,40,1,-50,5,7.5,7,-2,0,175,CO,1,1.5,1,0,0,0,0,0,0,-1,-1
2122,A,F,Rock'n'Roll-Main Class Start,Final,1,40,1,-50,5,7.5,7,-2,0,175,DF,1,1,1,0,0,0,0,0,0,-1,-1
2122,A,F,Rock'n'Roll-Main Class Start,Final,2,286,1,-50,2.5,8.75,9,-2,0,175,CO,1,1.5,2,0,0,0,0,0,0,-1,-1
2122,A,F,Rock'n'Roll-Main Class Start,Final,2,286,1,-50,2.5,8.75,9,-2,0,175,DF,1,1,1.5,0,0,0,0,0,0,-1,-1
2122,A,F,Rock'n'Roll-Main Class Start,Final,3,288,1,-25,6.5,11.25,11,-2,0,175,CO,1.5,2,2,0,0,0,0,0,0,-1,-1
2122,A,F,Rock'n'Roll-Main Class Start,Final,3,288,1,-25,6.5,11.25,11,-2,0,175,DF,1.5,1.5,1.5,0,0,0,0,0,0,-1,-1
2122,B,F,Rock'n'Roll-Main Class Start,Final,1,40,2,-35,2.5,7.5,5,0,-10,175,CO,1,1,0.5,0,0,0,0,0,0,-1,-1
2122,B,F,Rock'n'Roll-Main Class Start,Final,1,40,2,-35,2.5,7.5,5,0,-10,175,DF,1,1,1,0,0,0,0,0,0,-1,-1
2122,B,F,Rock'n'Roll-Main Class Start,Final,2,286,2,-35,2.5,3.75,4,0,0,175,CO,0.5,1,0.5,0,0,0,0,0,0,-1,-1
2122,B,F,Rock'n'Roll-Main Class Start,Final,2,286,2,-35,2.5,3.75,4,0,0,175,DF,0.5,0.5,0.5,0,0,0,0,0,0,-1,-1
2122,B,F,Rock'n'Roll-Main Class Start,Final,3,288,2,-25,7.5,8.75,7,-2,0,175,CO,1,1.5,1,0,0,0,0,0,0,-1,-1
2122,B,F,Rock'n'Roll-Main Class Start,Final,3,288,2,-25,7.5,8.75,7,-2,0,175,DF,1,1,1.5,0,0,0,0,0,0,-1,-1
2122,D,F,Rock'n'Roll-Main Class Start,Final,1,40,4,-25,7.5,11.25,7,0,0,175,CO,1.5,1,1,0,0,0,0,0,0,-1,-1
2122,D,F,Rock'n'Roll-Main Class Start,Final,1,40,4,-25,7.5,11.25,7,0,0,175,DF,1.5,1.5,1.5,0,0,0,0,0,0,-1,-1
2122,D,F,Rock'n'Roll-Main Class Start,Final,2,286,4,-35,6.5,11.25,10,0,0,175,CO,1.5,1.5,2,0,0,0,0,0,0,-1,-1
2122,D,F,Rock'n'Roll-Main Class Start,Final,2,286,4,-35,6.5,11.25,10,0,0,175,DF,1.5,1.5,1.5,0,0,0,0,0,0,-1,-1
2122,D,F,Rock'n'Roll-Main Class Start,Final,3,288,4,-25,9.5,11.25,15,-2,0,175,CO,2.5,2.5,2.5,0,0,0,0,0,0,-1,-1
2122,D,F,Rock'n'Roll-Main Class Start,Final,3,288,4,-25,9.5,11.25,15,-2,0,175,DF,1.5,1.5,1.5,0,0,0,0,0,0,-1,-1
2122,G,F,Rock'n'Roll-Main Class Start,Final,1,40,7,-50,2.5,7.5,8,-4,0,175,DF,1,1,1,0,0,0,0,0,0,-1,-1
2122,G,F,Rock'n'Roll-Main Class Start,Final,1,40,7,-50,2.5,7.5,8,-4,0,175,CO,1.5,1,1.5,0,0,0,0,0,0,-1,-1
2122,G,F,Rock'n'Roll-Main Class Start,Final,2,286,7,-50,2.5,8.75,9,-4,0,175,CO,1.5,1.5,1.5,0,0,0,0,0,0,-1,-1
2122,G,F,Rock'n'Roll-Main Class Start,Final,2,286,7,-50,2.5,8.75,9,-4,0,175,DF,1,1.5,1,0,0,0,0,0,0,-1,-1
2122,G,F,Rock'n'Roll-Main Class Start,Final,3,288,7,-35,6.5,11.25,12,-2,0,175,CO,1.5,2.5,2,0,0,0,0,0,0,-1,-1
2122,G,F,Rock'n'Roll-Main Class Start,Final,3,288,7,-35,6.5,11.25,12,-2,0,175,DF,1.5,1.5,1.5,0,0,0,0,0,0,-1,-1
2127,A,,Rock'n'Roll-Formation,Final,1,128,1,-35,10,11,8.25,-2,0,175,CO,1.5,2,2,0,0,0,0,0,0,-1,-1
2127,A,,Rock'n'Roll-Formation,Final,1,128,1,-35,10,11,8.25,-2,0,175,DF,2,1.5,2,0,0,0,0,0,0,-1,-1
2127,A,,Rock'n'Roll-Formation,Final,1,128,1,-35,10,11,8.25,-2,0,175,FM,2,1.5,1.5,0,0,0,0,0,0,-1,-1
2127,A,,Rock'n'Roll-Formation,Final,2,208,1,-15,15,15,12.75,0,0,175,FM,2.5,2.5,2.5,0,0,0,0,0,0,-1,-1
2127,A,,Rock'n'Roll-Formation,Final,2,208,1,-15,15,15,12.75,0,0,175,CO,2.5,3,3,0,0,0,0,0,0,-1,-1
2127,A,,Rock'n'Roll-Formation,Final,2,208,1,-15,15,15,12.75,0,0,175,DF,3,2,2.5,0,0,0,0,0,0,-1,-1
2127,A,,Rock'n'Roll-Formation,Final,3,77,1,-25,14,14,12.75,0,0,175,FM,2.5,2,2.5,0,0,0,0,0,0,-1,-1
2127,A,,Rock'n'Roll-Formation,Final,3,77,1,-25,14,14,12.75,0,0,175,DF,2.5,2,2.5,0,0,0,0,0,0,-1,-1
2127,A,,Rock'n'Roll-Formation,Final,3,77,1,-25,14,14,12.75,0,0,175,CO,2.5,3,3,0,0,0,0,0,0,-1,-1
2127,B,,Rock'n'Roll-Formation,Final,1,128,2,-25,11,9,8.25,-2,0,175,CO,2,2,1.5,0,0,0,0,0,0,-1,-1
2127,B,,Rock'n'Roll-Formation,Final,1,128,2,-25,11,9,8.25,-2,0,175,DF,1.5,1.5,1.5,0,0,0,0,0,0,-1,-1
2127,B,,Rock'n'Roll-Formation,Final,1,128,2,-25,11,9,8.25,-2,0,175,FM,2,1.5,2,0,0,0,0,0,0,-1,-1
2127,B,,Rock'n'Roll-Formation,Final,2,208,2,-15,13,11,9.75,0,0,175,CO,2,2.5,2,0,0,0,0,0,0,-1,-1
2127,B,,Rock'n'Roll-Formation,Final,2,208,2,-15,13,11,9.75,0,0,175,DF,1.5,2,2,0,0,0,0,0,0,-1,-1
2127,B,,Rock'n'Roll-Formation,Final,2,208,2,-15,13,11,9.75,0,0,175,FM,2,2.5,2,0,0,0,0,0,0,-1,-1
2127,B,,Rock'n'Roll-Formation,Final,3,77,2,-15,11,11,8.25,0,0,175,CO,2,2,1.5,0,0,0,0,0,0,-1,-1
2127,B,,Rock'n'Roll-Formation,Final,3,77,2,-15,11,11,8.25,0,0,175,DF,1.5,2,2,0,0,0,0,0,0,-1,-1
2127,B,,Rock'n'Roll-Formation,Final,3,77,2,-15,11,11,8.25,0,0,175,FM,1.5,2,2,0,0,0,0,0,0,-1,-1
2127,C,,Rock'n'Roll-Formation,Final,1,128,3,-25,10,8,6,-2,0,175,DF,1,1.5,1.5,0,0,0,0,0,0,-1,-1
2127,C,,Rock'n'Roll-Formation,Final,1,128,3,-25,10,8,6,-2,0,175,FM,1.5,2,1.5,0,0,0,0,0,0,-1,-1
2127,C,,Rock'n'Roll-Formation,Final,1,128,3,-25,10,8,6,-2,0,175,CO,1.5,1,1.5,0,0,0,0,0,0,-1,-1
2127,C,,Rock'n'Roll-Formation,Final,2,208,3,-15,10,9,9,0,0,175,DF,1.5,1.5,1.5,0,0,0,0,0,0,-1,-1
2127,C,,Rock'n'Roll-Formation,Final,2,208,3,-15,10,9,9,0,0,175,FM,1.5,2,1.5,0,0,0,0,0,0,-1,-1
2127,C,,Rock'n'Roll-Formation,Final,2,208,3,-15,10,9,9,0,0,175,CO,2,2,2,0,0,0,0,0,0,-1,-1
2127,C,,Rock'n'Roll-Formation,Final,3,77,3,-15,11,10,9,0,0,175,CO,2,2,2,0,0,0,0,0,0,-1,-1
2127,C,,Rock'n'Roll-Formation,Final,3,77,3,-15,11,10,9,0,0,175,DF,1.5,2,1.5,0,0,0,0,0,0,-1,-1
2127,C,,Rock'n'Roll-Formation,Final,3,77,3,-15,11,10,9,0,0,175,FM,1.5,2,2,0,0,0,0,0,0,-1,-1
2127,F,,Rock'n'Roll-Formation,Final,1,128,4,-35,8,6,4.5,-4,0,175,CO,1,1,1,0,0,0,0,0,0,-1,-1
2127,F,,Rock'n'Roll-Formation,Final,1,128,4,-35,8,6,4.5,-4,0,175,DF,1,1,1,0,0,0,0,0,0,-1,-1
2127,F,,Rock'n'Roll-Formation,Final,1,128,4,-35,8,6,4.5,-4,0,175,FM,1.5,1.5,1,0,0,0,0,0,0,-1,-1
2127,F,,Rock'n'Roll-Formation,Final,2,208,4,-10,10,10,8.25,0,0,175,CO,1.5,2,2,0,0,0,0,0,0,-1,-1
2127,F,,Rock'n'Roll-Formation,Final,2,208,4,-10,10,10,8.25,0,0,175,DF,1.5,2,1.5,0,0,0,0,0,0,-1,-1
2127,F,,Rock'n'Roll-Formation,Final,2,208,4,-10,10,10,8.25,0,0,175,FM,1.5,2,1.5,0,0,0,0,0,0,-1,-1
2127,F,,Rock'n'Roll-Formation,Final,3,77,4,-15,12,12,8.25,0,0,175,CO,1.5,2,2,0,0,0,0,0,0,-1,-1
2127,F,,Rock'n'Roll-Formation,Final,3,77,4,-15,12,12,8.25,0,0,175,FM,2,2,2,0,0,0,0,0,0,-1,-1
2127,F,,Rock'n'Roll-Formation,Final,3,77,4,-15,12,12,8.25,0,0,175,DF,2,2,2,0,0,0,0,0,0,-1,-1
2127,G,,Rock'n'Roll-Formation,Final,1,128,5,-35,9,10,8.25,0,0,175,CO,2,1.5,2,0,0,0,0,0,0,-1,-1
2127,G,,Rock'n'Roll-Formation,Final,1,128,5,-35,9,10,8.25,0,0,175,DF,1.5,1.5,2,0,0,0,0,0,0,-1,-1
2127,G,,Rock'n'Roll-Formation,Final,1,128,5,-35,9,10,8.25,0,0,175,FM,2,0.5,2,0,0,0,0,0,0,-1,-1
2127,G,,Rock'n'Roll-Formation,Final,2,208,5,-15,11,14,9.75,0,0,175,CO,2,2.5,2,0,0,0,0,0,0,-1,-1
2127,G,,Rock'n'Roll-Formation,Final,2,208,5,-15,11,14,9.75,0,0,175,DF,2.5,2,2.5,0,0,0,0,0,0,-1,-1
2127,G,,Rock'n'Roll-Formation,Final,2,208,5,-15,11,14,9.75,0,0,175,FM,2,1.5,2,0,0,0,0,0,0,-1,-1
2127,G,,Rock'n'Roll-Formation,Final,3,77,5,-35,10,11,9,0,0,175,CO,2,2,2,0,0,0,0,0,0,-1,-1
2127,G,,Rock'n'Roll-Formation,Final,3,77,5,-35,10,11,9,0,0,175,DF,2,1.5,2,0,0,0,0,0,0,-1,-1
2127,G,,Rock'n'Roll-Formation,Final,3,77,5,-35,10,11,9,0,0,175,FM,2,1,2,0,0,0,0,0,0,-1,-1
2128,B,F,Rock'n'Roll-Main Class Contact Style,Final - Acrobatic,1,494,2,-57.5,4.25,6.25,4.5,-2,0,175,CO,1.5,1.5,1.5,0,0,0,0,0,0,-1,-1
2128,B,F,Rock'n'Roll-Main Class Contact Style,Final - Acrobatic,1,494,2,-57.5,4.25,6.25,4.5,-2,0,175,DF,1.5,2,1.5,0,0,0,0,0,0,-1,-1
2128,B,F,Rock'n'Roll-Main Class Contact Style,Final - Acrobatic,2,430,2,-57.5,4.25,5.625,4.5,0,0,175,CO,1.5,1.5,1.5,0,0,0,0,0,0,-1,-1
2128,B,F,Rock'n'Roll-Main Class Contact Style,Final - Acrobatic,2,430,2,-57.5,4.25,5.625,4.5,0,0,175,DF,1.5,1.5,1.5,0,0,0,0,0,0,-1,-1
2128,B,F,Rock'n'Roll-Main Class Contact Style,Final - Acrobatic,3,179,2,-55,4.25,6.25,5,0,0,175,DF,1.5,2,1.5,0,0,0,0,0,0,-1,-1
2128,B,F,Rock'n'Roll-Main Class Contact Style,Final - Acrobatic,3,179,2,-55,4.25,6.25,5,0,0,175,CO,1.5,1.5,2,0,0,0,0,0,0,-1,-1
2128,B,F,Rock'n'Roll-Main Class Contact Style,Final - Acrobatic,4,236,2,-62.5,3.75,4.375,3.5,0,0,175,CO,1,1.5,1,0,0,0,0,0,0,-1,-1
2128,B,F,Rock'n'Roll-Main Class Contact Style,Final - Acrobatic,4,236,2,-62.5,3.75,4.375,3.5,0,0,175,DF,1,1,1.5,0,0,0,0,0,0,-1,-1
2128,B,F,Rock'n'Roll-Main Class Contact Style,Final - Acrobatic,5,28,2,-57.5,4.25,5.625,4.5,0,0,175,CO,1.5,1.5,1.5,0,0,0,0,0,0,-1,-1
2128,B,F,Rock'n'Roll-Main Class Contact Style,Final - Acrobatic,5,28,2,-57.5,4.25,5.625,4.5,0,0,175,DF,1.5,1.5,1.5,0,0,0,0,0,0,-1,-1
2128,B,F,Rock'n'Roll-Main Class Contact Style,Final - Acrobatic,6,283,2,-62.5,3.25,5,3.5,0,0,175,CO,1.5,1,1,0,0,0,0,0,0,-1,-1
2128,B,F,Rock'n'Roll-Main Class Contact Style,Final - Acrobatic,6,283,2,-62.5,3.25,5,3.5,0,0,175,DF,1.5,1,1.5,0,0,0,0,0,0,-1,-1
2128,D,F,Rock'n'Roll-Main Class Contact Style,Final - Acrobatic,1,494,4,-57.5,5,6.875,6.5,0,0,175,CO,2.5,2,2,0,0,0,0,0,0,-1,-1
2128,D,F,Rock'n'Roll-Main Class Contact Style,Final - Acrobatic,1,494,4,-57.5,5,6.875,6.5,0,0,175,DF,2,2,1.5,0,0,0,0,0,0,-1,-1
2128,D,F,Rock'n'Roll-Main Class Contact Style,Final - Acrobatic,2,430,4,-52.5,4.75,9.375,7.5,0,0,175,CO,2.5,2.5,2.5,0,0,0,0,0,0,-1,-1
2128,D,F,Rock'n'Roll-Main Class Contact Style,Final - Acrobatic,2,430,4,-52.5,4.75,9.375,7.5,0,0,175,DF,2.5,2.5,2.5,0,0,0,0,0,0,-1,-1
2128,D,F,Rock'n'Roll-Main Class Contact Style,Final - Acrobatic,3,179,4,-57.5,4.75,8.75,7,0,0,175,CO,2.5,2,2.5,0,0,0,0,0,0,-1,-1
2128,D,F,Rock'n'Roll-Main Class Contact Style,Final - Acrobatic,3,179,4,-57.5,4.75,8.75,7,0,0,175,DF,2.5,2,2.5,0,0,0,0,0,0,-1,-1
2128,D,F,Rock'n'Roll-Main Class Contact Style,Final - Acrobatic,4,236,4,-52.5,4.25,7.5,7,0,0,175,CO,2,3,2,0,0,0,0,0,0,-1,-1
2128,D,F,Rock'n'Roll-Main Class Contact Style,Final - Acrobatic,4,236,4,-52.5,4.25,7.5,7,0,0,175,DF,1.5,2.5,2,0,0,0,0,0,0,-1,-1
2128,D,F,Rock'n'Roll-Main Class Contact Style,Final - Acrobatic,5,28,4,-57.5,4.25,8.125,7,0,0,175,CO,2.5,2.5,2,0,0,0,0,0,0,-1,-1
2128,D,F,Rock'n'Roll-Main Class Contact Style,Final - Acrobatic,5,28,4,-57.5,4.25,8.125,7,0,0,175,DF,2.5,2,2,0,0,0,0,0,0,-1,-1
2128,D,F,Rock'n'Roll-Main Class Contact Style,Final - Acrobatic,6,283,4,-57.5,4.25,6.875,6,0,0,175,CO,2,2,2,0,0,0,0,0,0,-1,-1
2128,D,F,Rock'n'Roll-Main Class Contact Style,Final - Acrobatic,6,283,4,-57.5,4.25,6.875,6,0,0,175,DF,1.5,2,2,0,0,0,0,0,0,-1,-1
2128,E,F,Rock'n'Roll-Main Class Contact Style,Final - Acrobatic,1,494,5,-57.5,4.75,6.25,4.5,-2,0,175,CO,1.5,1.5,1.5,0,0,0,0,0,0,-1,-1
2128,E,F,Rock'n'Roll-Main Class Contact Style,Final - Acrobatic,1,494,5,-57.5,4.75,6.25,4.5,-2,0,175,DF,1.5,2,1.5,0,0,0,0,0,0,-1,-1
2128,E,F,Rock'n'Roll-Main Class Contact Style,Final - Acrobatic,2,430,5,-62.5,4.25,6.875,5,0,0,175,CO,2,1,2,0,0,0,0,0,0,-1,-1
2128,E,F,Rock'n'Roll-Main Class Contact Style,Final - Acrobatic,2,430,5,-62.5,4.25,6.875,5,0,0,175,DF,2,2,1.5,0,0,0,0,0,0,-1,-1
2128,E,F,Rock'n'Roll-Main Class Contact Style,Final - Acrobatic,3,179,5,-62.5,4.5,7.5,5.5,0,0,175,DF,2,2,2,0,0,0,0,0,0,-1,-1
2128,E,F,Rock'n'Roll-Main Class Contact Style,Final - Acrobatic,3,179,5,-62.5,4.5,7.5,5.5,0,0,175,CO,2,1.5,2,0,0,0,0,0,0,-1,-1
2128,E,F,Rock'n'Roll-Main Class Contact Style,Final - Acrobatic,4,236,5,-75,3.25,3.125,5,0,0,175,CO,1,2.5,1.5,0,0,0,0,0,0,-1,-1
2128,E,F,Rock'n'Roll-Main Class Contact Style,Final - Acrobatic,4,236,5,-75,3.25,3.125,5,0,0,175,DF,0.5,1,1,0,0,0,0,0,0,-1,-1
2128,E,F,Rock'n'Roll-Main Class Contact Style,Final - Acrobatic,5,28,5,-67.5,3.75,5,4,0,0,175,CO,1.5,1,1.5,0,0,0,0,0,0,-1,-1
2128,E,F,Rock'n'Roll-Main Class Contact Style,Final - Acrobatic,5,28,5,-67.5,3.75,5,4,0,0,175,DF,1.5,1.5,1,0,0,0,0,0,0,-1,-1
2128,E,F,Rock'n'Roll-Main Class Contact Style,Final - Acrobatic,6,283,5,-67.5,3.25,4.375,3,-2,0,175,CO,1,0.5,1.5,0,0,0,0,0,0,-1,-1
2128,E,F,Rock'n'Roll-Main Class Contact Style,Final - Acrobatic,6,283,5,-67.5,3.25,4.375,3,-2,0,175,DF,1,1.5,1,0,0,0,0,0,0,-1,-1
2128,G,F,Rock'n'Roll-Main Class Contact Style,Final - Acrobatic,1,494,7,-57.5,4.5,6.875,6,0,0,175,CO,2,2,2,0,0,0,0,0,0,-1,-1
2128,G,F,Rock'n'Roll-Main Class Contact Style,Final - Acrobatic,1,494,7,-57.5,4.5,6.875,6,0,0,175,DF,2,2,1.5,0,0,0,0,0,0,-1,-1
2128,G,F,Rock'n'Roll-Main Class Contact Style,Final - Acrobatic,2,430,7,-55,4.5,6.875,5.5,0,0,175,CO,2,1.5,2,0,0,0,0,0,0,-1,-1
2128,G,F,Rock'n'Roll-Main Class Contact Style,Final - Acrobatic,2,430,7,-55,4.5,6.875,5.5,0,0,175,DF,1.5,2,2,0,0,0,0,0,0,-1,-1
2128,G,F,Rock'n'Roll-Main Class Contact Style,Final - Acrobatic,3,179,7,-57.5,4.5,7.5,6.5,0,0,175,CO,2,2.5,2,0,0,0,0,0,0,-1,-1
2128,G,F,Rock'n'Roll-Main Class Contact Style,Final - Acrobatic,3,179,7,-57.5,4.5,7.5,6.5,0,0,175,DF,2,2,2,0,0,0,0,0,0,-1,-1
2128,G,F,Rock'n'Roll-Main Class Contact Style,Final - Acrobatic,4,236,7,-62.5,3.75,6.25,6.5,0,0,175,DF,1.5,1.5,2,0,0,0,0,0,0,-1,-1
2128,G,F,Rock'n'Roll-Main Class Contact Style,Final - Acrobatic,4,236,7,-62.5,3.75,6.25,6.5,0,0,175,CO,2.5,2,2,0,0,0,0,0,0,-1,-1
2128,G,F,Rock'n'Roll-Main Class Contact Style,Final - Acrobatic,5,28,7,-57.5,3.75,6.875,6,-2,0,175,DF,2,1.5,2,0,0,0,0,0,0,-1,-1
2128,G,F,Rock'n'Roll-Main Class Contact Style,Final - Acrobatic,5,28,7,-57.5,3.75,6.875,6,-2,0,175,CO,2,2,2,0,0,0,0,0,0,-1,-1
2128,G,F,Rock'n'Roll-Main Class Contact Style,Final - Acrobatic,6,283,7,-67.5,3.75,5,4.5,-4,0,175,CO,1.5,1.5,1.5,0,0,0,0,0,0,-1,-1
2128,G,F,Rock'n'Roll-Main Class Contact Style,Final - Acrobatic,6,283,7,-67.5,3.75,5,4.5,-4,0,175,DF,1,1.5,1.5,0,0,0,0,0,0,-1,-1
2129,A,F,Rock'n'Roll-Main Class Free Style,Final - Acrobatic,1,8,1,-67.5,3.25,6.25,5,0,0,175,CO,1.5,2,1.5,0,0,0,0,0,0,-1,-1
2129,A,F,Rock'n'Roll-Main Class Free Style,Final - Acrobatic,1,8,1,-67.5,3.25,6.25,5,0,0,175,DF,1.5,2,1.5,0,0,0,0,0,0,-1,-1
2129,A,F,Rock'n'Roll-Main Class Free Style,Final - Acrobatic,2,172,1,-62.5,3.25,4.375,5,0,0,175,CO,1.5,2,1.5,0,0,0,0,0,0,-1,-1
2129,A,F,Rock'n'Roll-Main Class Free Style,Final - Acrobatic,2,172,1,-62.5,3.25,4.375,5,0,0,175,DF,1,1.5,1,0,0,0,0,0,0,-1,-1
2129,A,F,Rock'n'Roll-Main Class Free Style,Final - Acrobatic,3,363,1,-62.5,4.25,6.875,5,0,0,175,CO,2,1.5,1.5,0,0,0,0,0,0,-1,-1
2129,A,F,Rock'n'Roll-Main Class Free Style,Final - Acrobatic,3,363,1,-62.5,4.25,6.875,5,0,0,175,DF,2,1.5,2,0,0,0,0,0,0,-1,-1
2129,C,F,Rock'n'Roll-Main Class Free Style,Final - Acrobatic,1,8,3,-57.5,3.75,5,4,0,0,175,CO,1,1.5,1.5,0,0,0,0,0,0,-1,-1
2129,C,F,Rock'n'Roll-Main Class Free Style,Final - Acrobatic,1,8,3,-57.5,3.75,5,4,0,0,175,DF,1,1.5,1.5,0,0,0,0,0,0,-1,-1
2129,C,F,Rock'n'Roll-Main Class Free Style,Final - Acrobatic,2,172,3,-62.5,3.25,5,4,0,0,175,DF,1,1.5,1.5,0,0,0,0,0,0,-1,-1
2129,C,F,Rock'n'Roll-Main Class Free Style,Final - Acrobatic,2,172,3,-62.5,3.25,5,4,0,0,175,CO,1.5,1.5,1,0,0,0,0,0,0,-1,-1
2129,C,F,Rock'n'Roll-Main Class Free Style,Final - Acrobatic,3,363,3,-57.5,4.5,5.625,5.5,0,0,175,CO,1.5,2,2,0,0,0,0,0,0,-1,-1
2129,C,F,Rock'n'Roll-Main Class Free Style,Final - Acrobatic,3,363,3,-57.5,4.5,5.625,5.5,0,0,175,DF,1.5,1.5,1.5,0,0,0,0,0,0,-1,-1
2129,D,F,Rock'n'Roll-Main Class Free Style,Final - Acrobatic,1,8,4,-57.5,3.75,6.875,6,0,0,175,CO,2,2,2,0,0,0,0,0,0,-1,-1
2129,D,F,Rock'n'Roll-Main Class Free Style,Final - Acrobatic,1,8,4,-57.5,3.75,6.875,6,0,0,175,DF,1.5,2,2,0,0,0,0,0,0,-1,-1
2129,D,F,Rock'n'Roll-Main Class Free Style,Final - Acrobatic,2,172,4,-57.5,4.25,6.875,5.5,0,0,175,CO,2,2,1.5,0,0,0,0,0,0,-1,-1
2129,D,F,Rock'n'Roll-Main Class Free Style,Final - Acrobatic,2,172,4,-57.5,4.25,6.875,5.5,0,0,175,DF,1.5,2,2,0,0,0,0,0,0,-1,-1
2129,D,F,Rock'n'Roll-Main Class Free Style,Final - Acrobatic,3,363,4,-52.5,5,8.75,6.5,0,0,175,CO,2.5,1.5,2.5,0,0,0,0,0,0,-1,-1
2129,D,F,Rock'n'Roll-Main Class Free Style,Final - Acrobatic,3,363,4,-52.5,5,8.75,6.5,0,0,175,DF,2,2.5,2.5,0,0,0,0,0,0,-1,-1
2129,G,F,Rock'n'Roll-Main Class Free Style,Final - Acrobatic,1,8,7,-62.5,3.25,6.25,5,0,0,175,CO,1.5,1.5,2,0,0,0,0,0,0,-1,-1
2129,G,F,Rock'n'Roll-Main Class Free Style,Final - Acrobatic,1,8,7,-62.5,3.25,6.25,5,0,0,175,DF,1.5,1.5,2,0,0,0,0,0,0,-1,-1
2129,G,F,Rock'n'Roll-Main Class Free Style,Final - Acrobatic,2,172,7,-62.5,3.25,5.625,5,0,0,175,CO,1.5,2,1.5,0,0,0,0,0,0,-1,-1
2129,G,F,Rock'n'Roll-Main Class Free Style,Final - Acrobatic,2,172,7,-62.5,3.25,5.625,5,0,0,175,DF,1.5,1,2,0,0,0,0,0,0,-1,-1
2129,G,F,Rock'n'Roll-Main Class Free Style,Final - Acrobatic,3,363,7,-55,4.25,6.875,5.5,0,0,175,DF,2,1.5,2,0,0,0,0,0,0,-1,-1
2129,G,F,Rock'n'Roll-Main Class Free Style,Final - Acrobatic,3,363,7,-55,4.25,6.875,5.5,0,0,175,CO,2,1.5,2,0,0,0,0,0,0,-1,-1
